species,gene,hog
Aaegyp,AAEL000084,N0.HOG0006049
Aaegyp,AAEL000138,N0.HOG0007314
Aaegyp,AAEL000301,N0.HOG0007012
Aaegyp,AAEL000485,N0.HOG0005281
Aaegyp,AAEL000703,N0.HOG0007484
Aaegyp,AAEL000788,N0.HOG0007181
Aaegyp,AAEL000807,N0.HOG0006198
Aaegyp,AAEL000924,N0.HOG0007674
Aaegyp,AAEL001105,N0.HOG0006313
Aaegyp,AAEL001167,N0.HOG0007833
Aaegyp,AAEL001176,N0.HOG0006503
Aaegyp,AAEL001212,N0.HOG0006897
Aaegyp,AAEL001484,N0.HOG0006844
Aaegyp,AAEL001859,N0.HOG0007517
Aaegyp,AAEL001864,N0.HOG0005968
Aaegyp,AAEL002039,N0.HOG0006472
Aaegyp,AAEL002088,N0.HOG0008210
Aaegyp,AAEL002108,N0.HOG0008054
Aaegyp,AAEL002173,N0.HOG0005362
Aaegyp,AAEL002407,N0.HOG0006352
Aaegyp,AAEL002675,N0.HOG0007128
Aaegyp,AAEL002782,N0.HOG0007920
Aaegyp,AAEL002892,N0.HOG0008312
Aaegyp,AAEL002895,N0.HOG0006686
Aaegyp,AAEL003026,N0.HOG0005228
Aaegyp,AAEL003287,N0.HOG0006426
Aaegyp,AAEL003385,N0.HOG0007638
Aaegyp,AAEL003433,N0.HOG0006923
Aaegyp,AAEL003539,N0.HOG0006652
Aaegyp,AAEL003560,N0.HOG0007156
Aaegyp,AAEL003684,N0.HOG0007399
Aaegyp,AAEL003829,N0.HOG0006601
Aaegyp,AAEL003858,N0.HOG0007435
Aaegyp,AAEL003872,N0.HOG0008295
Aaegyp,AAEL004098,N0.HOG0007730
Aaegyp,AAEL004431,N0.HOG0007784
Aaegyp,AAEL004474,N0.HOG0001080
Aaegyp,AAEL004563,N0.HOG0008215
Aaegyp,AAEL004853,N0.HOG0007058
Aaegyp,AAEL004874,N0.HOG0007453
Aaegyp,AAEL005070,N0.HOG0006377
Aaegyp,AAEL005075,N0.HOG0006781
Aaegyp,AAEL005258,N0.HOG0007112
Aaegyp,AAEL005305,N0.HOG0008986
Aaegyp,AAEL005508,N0.HOG0003426
Aaegyp,AAEL005575,N0.HOG0006602
Aaegyp,AAEL005648,N0.HOG0004320
Aaegyp,AAEL005663,N0.HOG0007110
Aaegyp,AAEL005708,N0.HOG0007741
Aaegyp,AAEL005825,N0.HOG0006927
Aaegyp,AAEL005834,N0.HOG0006378
Aaegyp,AAEL006055,N0.HOG0007967
Aaegyp,AAEL006120,N0.HOG0006546
Aaegyp,AAEL006271,N0.HOG0006235
Aaegyp,AAEL006282,N0.HOG0006154
Aaegyp,AAEL006314,N0.HOG0007063
Aaegyp,AAEL006346,N0.HOG0006016
Aaegyp,AAEL006413,N0.HOG0007844
Aaegyp,AAEL006437,N0.HOG0008097
Aaegyp,AAEL006441,N0.HOG0008883
Aaegyp,AAEL006474,N0.HOG0008056
Aaegyp,AAEL006488,N0.HOG0007160
Aaegyp,AAEL006533,N0.HOG0007283
Aaegyp,AAEL006547,N0.HOG0007891
Aaegyp,AAEL006711,N0.HOG0006890
Aaegyp,AAEL006819,N0.HOG0006061
Aaegyp,AAEL006836,N0.HOG0007715
Aaegyp,AAEL006932,N0.HOG0006163
Aaegyp,AAEL007001,N0.HOG0007719
Aaegyp,AAEL007096,N0.HOG0000850
Aaegyp,AAEL007132,N0.HOG0007654
Aaegyp,AAEL007160,N0.HOG0008563
Aaegyp,AAEL007363,N0.HOG0007824
Aaegyp,AAEL007480,N0.HOG0006181
Aaegyp,AAEL007787,N0.HOG0003973
Aaegyp,AAEL007825,N0.HOG0007817
Aaegyp,AAEL008169,N0.HOG0007487
Aaegyp,AAEL008394,N0.HOG0008035
Aaegyp,AAEL008543,N0.HOG0000264
Aaegyp,AAEL008578,N0.HOG0008878
Aaegyp,AAEL008634,N0.HOG0002066
Aaegyp,AAEL008653,N0.HOG0006375
Aaegyp,AAEL008696,N0.HOG0007872
Aaegyp,AAEL008786,N0.HOG0007426
Aaegyp,AAEL009080,N0.HOG0006756
Aaegyp,AAEL009105,N0.HOG0008042
Aaegyp,AAEL009232,N0.HOG0007394
Aaegyp,AAEL009342,N0.HOG0007633
Aaegyp,AAEL009345,N0.HOG0008077
Aaegyp,AAEL009424,N0.HOG0008067
Aaegyp,AAEL009564,N0.HOG0007106
Aaegyp,AAEL009765,N0.HOG0008003
Aaegyp,AAEL009814,N0.HOG0007008
Aaegyp,AAEL009946,N0.HOG0007786
Aaegyp,AAEL010107,N0.HOG0007639
Aaegyp,AAEL010123,N0.HOG0006278
Aaegyp,AAEL010359,N0.HOG0007350
Aaegyp,AAEL010496,N0.HOG0006613
Aaegyp,AAEL010765,N0.HOG0006837
Aaegyp,AAEL010840,N0.HOG0006465
Aaegyp,AAEL010843,N0.HOG0006790
Aaegyp,AAEL011496,N0.HOG0006369
Aaegyp,AAEL011584,N0.HOG0007986
Aaegyp,AAEL011594,N0.HOG0008412
Aaegyp,AAEL011657,N0.HOG0006454
Aaegyp,AAEL011719,N0.HOG0007224
Aaegyp,AAEL011848,N0.HOG0007770
Aaegyp,AAEL011905,N0.HOG0007545
Aaegyp,AAEL011941,N0.HOG0007798
Aaegyp,AAEL012071,N0.HOG0008334
Aaegyp,AAEL012473,N0.HOG0006679
Aaegyp,AAEL012500,N0.HOG0006038
Aaegyp,AAEL012545,N0.HOG0007270
Aaegyp,AAEL012588,N0.HOG0006943
Aaegyp,AAEL012827,N0.HOG0006733
Aaegyp,AAEL012904,N0.HOG0006678
Aaegyp,AAEL013063,N0.HOG0007269
Aaegyp,AAEL013114,N0.HOG0008561
Aaegyp,AAEL013253,N0.HOG0006168
Aaegyp,AAEL013256,N0.HOG0006119
Aaegyp,AAEL013528,N0.HOG0001006
Aaegyp,AAEL013530,N0.HOG0007718
Aaegyp,AAEL013643,N0.HOG0006541
Aaegyp,AAEL013846,N0.HOG0006183
Aaegyp,AAEL013896,N0.HOG0007296
Aaegyp,AAEL013952,N0.HOG0007767
Aaegyp,AAEL014250,N0.HOG0007982
Aaegyp,AAEL014642,N0.HOG0004640
Aaegyp,AAEL014645,N0.HOG0007031
Aaegyp,AAEL014702,N0.HOG0005743
Aaegyp,AAEL014749,N0.HOG0006550
Aaegyp,AAEL014760,N0.HOG0009075
Aaegyp,AAEL014868,N0.HOG0007651
Aaegyp,AAEL014886,N0.HOG0004740
Aaegyp,AAEL014900,N0.HOG0004554
Aaegyp,AAEL014957,N0.HOG0006365
Aaegyp,AAEL015014,N0.HOG0006594
Aaegyp,AAEL017263,N0.HOG0006316
Aaegyp,AAEL017391,N0.HOG0006310
Aaegyp,AAEL018059,N0.HOG0006353
Aaegyp,AAEL018131,N0.HOG0007531
Aaegyp,AAEL018139,N0.HOG0001410
Aaegyp,AAEL018186,N0.HOG0006889
Aaegyp,AAEL018221,N0.HOG0007201
Aaegyp,AAEL019408,N0.HOG0001005
Aaegyp,AAEL019508,N0.HOG0006695
Aaegyp,AAEL019617,N0.HOG0007001
Aaegyp,AAEL019660,N0.HOG0000326
Aaegyp,AAEL019744,N0.HOG0008055
Aaegyp,AAEL019783,N0.HOG0006854
Aaegyp,AAEL020071,N0.HOG0006634
Aaegyp,AAEL020486,N0.HOG0007583
Aaegyp,AAEL020848,N0.HOG0007527
Aaegyp,AAEL021323,N0.HOG0007879
Aaegyp,AAEL021353,N0.HOG0006796
Aaegyp,AAEL021473,N0.HOG0008365
Aaegyp,AAEL021733,N0.HOG0006058
Aaegyp,AAEL021877,N0.HOG0004913
Aaegyp,AAEL022729,N0.HOG0007232
Aaegyp,AAEL023523,N0.HOG0004041
Aaegyp,AAEL023524,N0.HOG0004708
Aaegyp,AAEL023745,N0.HOG0007710
Aaegyp,AAEL024653,N0.HOG0007268
Aaegyp,AAEL024908,N0.HOG0007287
Aaegyp,AAEL025078,N0.HOG0005948
Aaegyp,AAEL025223,N0.HOG0005878
Aaegyp,AAEL025533,N0.HOG0007420
Aaegyp,AAEL025567,N0.HOG0006410
Aaegyp,AAEL025882,N0.HOG0006808
Aaegyp,AAEL025908,N0.HOG0006065
Aaegyp,AAEL026220,N0.HOG0007769
Aaegyp,AAEL026274,N0.HOG0006380
Aaegyp,AAEL026276,N0.HOG0006868
Aaegyp,AAEL026415,N0.HOG0006444
Aaegyp,AAEL027674,N0.HOG0007748
Asteph,ASTEI20_030928,N0.HOG0006796
Asteph,ASTEI20_030947,N0.HOG0007982
Asteph,ASTEI20_031071,N0.HOG0006049
Asteph,ASTEI20_031075,N0.HOG0003426
Asteph,ASTEI20_031125,N0.HOG0006890
Asteph,ASTEI20_031176,N0.HOG0007986
Asteph,ASTEI20_031208,N0.HOG0006844
Asteph,ASTEI20_031212,N0.HOG0006119
Asteph,ASTEI20_031254,N0.HOG0006016
Asteph,ASTEI20_031283,N0.HOG0007224
Asteph,ASTEI20_031331,N0.HOG0007399
Asteph,ASTEI20_031335,N0.HOG0007314
Asteph,ASTEI20_031351,N0.HOG0001005
Asteph,ASTEI20_031546,N0.HOG0005968
Asteph,ASTEI20_031712,N0.HOG0006601
Asteph,ASTEI20_031716,N0.HOG0006808
Asteph,ASTEI20_031912,N0.HOG0005362
Asteph,ASTEI20_031916,N0.HOG0004041
Asteph,ASTEI20_031991,N0.HOG0007545
Asteph,ASTEI20_032013,N0.HOG0006790
Asteph,ASTEI20_032212,N0.HOG0001006
Asteph,ASTEI20_032282,N0.HOG0006278
Asteph,ASTEI20_032284,N0.HOG0004708
Asteph,ASTEI20_032367,N0.HOG0006378
Asteph,ASTEI20_032418,N0.HOG0006352
Asteph,ASTEI20_032465,N0.HOG0007008
Asteph,ASTEI20_032538,N0.HOG0006365
Asteph,ASTEI20_032563,N0.HOG0007770
Asteph,ASTEI20_032621,N0.HOG0006410
Asteph,ASTEI20_032782,N0.HOG0007517
Asteph,ASTEI20_032785,N0.HOG0008365
Asteph,ASTEI20_032875,N0.HOG0006472
Asteph,ASTEI20_032937,N0.HOG0007287
Asteph,ASTEI20_033211,N0.HOG0007058
Asteph,ASTEI20_033219,N0.HOG0008561
Asteph,ASTEI20_033222,N0.HOG0007833
Asteph,ASTEI20_033323,N0.HOG0007269
Asteph,ASTEI20_033598,N0.HOG0007063
Asteph,ASTEI20_033625,N0.HOG0006837
Asteph,ASTEI20_033679,N0.HOG0008210
Asteph,ASTEI20_033886,N0.HOG0006168
Asteph,ASTEI20_033924,N0.HOG0004740
Asteph,ASTEI20_033944,N0.HOG0007484
Asteph,ASTEI20_033975,N0.HOG0007920
Asteph,ASTEI20_034076,N0.HOG0008003
Asteph,ASTEI20_034116,N0.HOG0007769
Asteph,ASTEI20_034117,N0.HOG0006235
Asteph,ASTEI20_034199,N0.HOG0006594
Asteph,ASTEI20_034285,N0.HOG0007350
Asteph,ASTEI20_034300,N0.HOG0000264
Asteph,ASTEI20_034492,N0.HOG0008042
Asteph,ASTEI20_034530,N0.HOG0006889
Asteph,ASTEI20_034621,N0.HOG0007844
Asteph,ASTEI20_034793,N0.HOG0006369
Asteph,ASTEI20_034801,N0.HOG0006943
Asteph,ASTEI20_034880,N0.HOG0005281
Asteph,ASTEI20_034882,N0.HOG0007674
Asteph,ASTEI20_034939,N0.HOG0006686
Asteph,ASTEI20_035004,N0.HOG0004640
Asteph,ASTEI20_035142,N0.HOG0007531
Asteph,ASTEI20_035170,N0.HOG0009075
Asteph,ASTEI20_035434,N0.HOG0008055
Asteph,ASTEI20_035501,N0.HOG0007798
Asteph,ASTEI20_035534,N0.HOG0007748
Asteph,ASTEI20_035644,N0.HOG0008883
Asteph,ASTEI20_035969,N0.HOG0007296
Asteph,ASTEI20_035988,N0.HOG0007741
Asteph,ASTEI20_036060,N0.HOG0006058
Asteph,ASTEI20_036501,N0.HOG0005743
Asteph,ASTEI20_036515,N0.HOG0007651
Asteph,ASTEI20_036625,N0.HOG0007710
Asteph,ASTEI20_036629,N0.HOG0007435
Asteph,ASTEI20_036731,N0.HOG0007012
Asteph,ASTEI20_036844,N0.HOG0005948
Asteph,ASTEI20_036858,N0.HOG0000850
Asteph,ASTEI20_036905,N0.HOG0006377
Asteph,ASTEI20_036940,N0.HOG0006923
Asteph,ASTEI20_036960,N0.HOG0006613
Asteph,ASTEI20_036972,N0.HOG0007891
Asteph,ASTEI20_037198,N0.HOG0008295
Asteph,ASTEI20_037596,N0.HOG0006316
Asteph,ASTEI20_037611,N0.HOG0006652
Asteph,ASTEI20_037713,N0.HOG0007654
Asteph,ASTEI20_037731,N0.HOG0006854
Asteph,ASTEI20_037971,N0.HOG0007270
Asteph,ASTEI20_038001,N0.HOG0007718
Asteph,ASTEI20_038042,N0.HOG0007001
Asteph,ASTEI20_038094,N0.HOG0006756
Asteph,ASTEI20_038124,N0.HOG0007638
Asteph,ASTEI20_038262,N0.HOG0008334
Asteph,ASTEI20_038310,N0.HOG0007181
Asteph,ASTEI20_038322,N0.HOG0006444
Asteph,ASTEI20_038340,N0.HOG0006198
Asteph,ASTEI20_038407,N0.HOG0007719
Asteph,ASTEI20_038437,N0.HOG0003973
Asteph,ASTEI20_038438,N0.HOG0004320
Asteph,ASTEI20_038440,N0.HOG0006695
Asteph,ASTEI20_038571,N0.HOG0007639
Asteph,ASTEI20_038710,N0.HOG0008986
Asteph,ASTEI20_038860,N0.HOG0006154
Asteph,ASTEI20_038986,N0.HOG0006465
Asteph,ASTEI20_039079,N0.HOG0004554
Asteph,ASTEI20_039109,N0.HOG0008563
Asteph,ASTEI20_039281,N0.HOG0007156
Asteph,ASTEI20_039322,N0.HOG0006546
Asteph,ASTEI20_039371,N0.HOG0006679
Asteph,ASTEI20_039587,N0.HOG0007106
Asteph,ASTEI20_039695,N0.HOG0006781
Asteph,ASTEI20_039702,N0.HOG0007583
Asteph,ASTEI20_039760,N0.HOG0008097
Asteph,ASTEI20_040025,N0.HOG0006733
Asteph,ASTEI20_040185,N0.HOG0006602
Asteph,ASTEI20_040285,N0.HOG0007786
Asteph,ASTEI20_040287,N0.HOG0006678
Asteph,ASTEI20_040366,N0.HOG0008878
Asteph,ASTEI20_040821,N0.HOG0007487
Asteph,ASTEI20_040861,N0.HOG0007426
Asteph,ASTEI20_040974,N0.HOG0007715
Asteph,ASTEI20_041172,N0.HOG0006061
Asteph,ASTEI20_041187,N0.HOG0006310
Asteph,ASTEI20_041293,N0.HOG0000326
Asteph,ASTEI20_041389,N0.HOG0008077
Asteph,ASTEI20_041510,N0.HOG0007872
Asteph,ASTEI20_041520,N0.HOG0007420
Asteph,ASTEI20_041541,N0.HOG0007817
Asteph,ASTEI20_042128,N0.HOG0007112
Asteph,ASTEI20_042222,N0.HOG0007201
Asteph,ASTEI20_042223,N0.HOG0006313
Asteph,ASTEI20_042419,N0.HOG0006454
Asteph,ASTEI20_042476,N0.HOG0006065
Asteph,ASTEI20_042508,N0.HOG0007527
Asteph,ASTEI20_042591,N0.HOG0007767
Asteph,ASTEI20_042631,N0.HOG0007110
Asteph,ASTEI20_042692,N0.HOG0006375
Asteph,ASTEI20_042804,N0.HOG0007967
Asteph,ASTEI20_042881,N0.HOG0008312
Asteph,ASTEI20_042984,N0.HOG0007824
Asteph,ASTEI20_043130,N0.HOG0001080
Asteph,ASTEI20_043172,N0.HOG0006183
Asteph,ASTEI20_043581,N0.HOG0006550
Asteph,ASTEI20_043602,N0.HOG0008054
Asteph,ASTEI20_043767,N0.HOG0007232
Asteph,ASTEI20_043784,N0.HOG0007633
Asteph,ASTEI20_043919,N0.HOG0006868
Asteph,ASTEI20_043930,N0.HOG0004913
Asteph,ASTEI20_044018,N0.HOG0007160
Asteph,ASTEI20_044063,N0.HOG0006927
Asteph,ASTEI20_044067,N0.HOG0001410
Asteph,ASTEI20_044150,N0.HOG0008035
Asteph,ASTEI20_044201,N0.HOG0008215
Asteph,ASTEI20_044283,N0.HOG0006503
Asteph,ASTEI20_044364,N0.HOG0007283
Asteph,ASTEI20_044694,N0.HOG0005878
Asteph,ASTEI20_044710,N0.HOG0006038
Asteph,ASTEI20_044718,N0.HOG0008056
Asteph,ASTEI20_044756,N0.HOG0007128
Asteph,ASTEI20_044791,N0.HOG0008412
Asteph,ASTEI20_044839,N0.HOG0008067
Asteph,ASTEI20_044913,N0.HOG0002066
Asteph,ASTEI20_045040,N0.HOG0006634
Asteph,ASTEI20_045141,N0.HOG0006426
Asteph,ASTEI20_045165,N0.HOG0006380
Asteph,ASTEI20_045301,N0.HOG0007730
Asteph,ASTEI20_045339,N0.HOG0006181
Asteph,ASTEI20_045453,N0.HOG0007453
Asteph,ASTEI20_045685,N0.HOG0007879
Asteph,ASTEI20_045692,N0.HOG0007394
Asteph,ASTEI20_045745,N0.HOG0007784
Asteph,ASTEI20_045755,N0.HOG0006897
Asteph,ASTEI20_045793,N0.HOG0006353
Asteph,ASTEI20_045892,N0.HOG0006163
Asteph,ASTEI20_045900,N0.HOG0007268
Asteph,ASTEI20_046025,N0.HOG0006541
Asteph,ASTEI20_046040,N0.HOG0007031
Asteph,ASTEI20_046050,N0.HOG0005228
Bantar,Bant000101,N0.HOG0006375
Bantar,Bant000204,N0.HOG0008056
Bantar,Bant000231,N0.HOG0008210
Bantar,Bant000286,N0.HOG0006235
Bantar,Bant000291,N0.HOG0007844
Bantar,Bant000390,N0.HOG0007270
Bantar,Bant000406,N0.HOG0006049
Bantar,Bant000421,N0.HOG0007545
Bantar,Bant000562,N0.HOG0008215
Bantar,Bant000682,N0.HOG0007426
Bantar,Bant000701,N0.HOG0008878
Bantar,Bant000764,N0.HOG0007527
Bantar,Bant000831,N0.HOG0006410
Bantar,Bant000842,N0.HOG0007710
Bantar,Bant000854,N0.HOG0006546
Bantar,Bant000883,N0.HOG0008986
Bantar,Bant000928,N0.HOG0007128
Bantar,Bant001067,N0.HOG0007283
Bantar,Bant001073,N0.HOG0007350
Bantar,Bant001138,N0.HOG0005948
Bantar,Bant001238,N0.HOG0004320
Bantar,Bant001251,N0.HOG0006444
Bantar,Bant001272,N0.HOG0007224
Bantar,Bant001380,N0.HOG0007008
Bantar,Bant001396,N0.HOG0005281
Bantar,Bant001473,N0.HOG0007784
Bantar,Bant001486,N0.HOG0008561
Bantar,Bant001566,N0.HOG0006198
Bantar,Bant001646,N0.HOG0004708
Bantar,Bant001662,N0.HOG0006352
Bantar,Bant001689,N0.HOG0007920
Bantar,Bant001749,N0.HOG0007287
Bantar,Bant001767,N0.HOG0006316
Bantar,Bant001775,N0.HOG0008365
Bantar,Bant001909,N0.HOG0007420
Bantar,Bant002002,N0.HOG0007770
Bantar,Bant002024,N0.HOG0006844
Bantar,Bant002103,N0.HOG0007160
Bantar,Bant002290,N0.HOG0006652
Bantar,Bant002403,N0.HOG0000326
Bantar,Bant002432,N0.HOG0006310
Bantar,Bant002451,N0.HOG0006061
Bantar,Bant002459,N0.HOG0007399
Bantar,Bant002488,N0.HOG0007112
Bantar,Bant002528,N0.HOG0007531
Bantar,Bant002550,N0.HOG0000850
Bantar,Bant002556,N0.HOG0007394
Bantar,Bant002662,N0.HOG0008295
Bantar,Bant002674,N0.HOG0006837
Bantar,Bant002711,N0.HOG0008883
Bantar,Bant002785,N0.HOG0007453
Bantar,Bant002829,N0.HOG0007798
Bantar,Bant002908,N0.HOG0007484
Bantar,Bant002973,N0.HOG0006168
Bantar,Bant003061,N0.HOG0004041
Bantar,Bant003235,N0.HOG0006426
Bantar,Bant003238,N0.HOG0008054
Bantar,Bant003257,N0.HOG0007201
Bantar,Bant003383,N0.HOG0006943
Bantar,Bant003546,N0.HOG0006756
Bantar,Bant003611,N0.HOG0007517
Bantar,Bant003645,N0.HOG0006686
Bantar,Bant003661,N0.HOG0008334
Bantar,Bant003895,N0.HOG0006503
Bantar,Bant003955,N0.HOG0004554
Bantar,Bant003961,N0.HOG0007748
Bantar,Bant004010,N0.HOG0007232
Bantar,Bant004134,N0.HOG0006465
Bantar,Bant004140,N0.HOG0008055
Bantar,Bant004236,N0.HOG0006594
Bantar,Bant004239,N0.HOG0007651
Bantar,Bant004251,N0.HOG0001006
Bantar,Bant004282,N0.HOG0004913
Bantar,Bant004286,N0.HOG0005362
Bantar,Bant004817,N0.HOG0006181
Bantar,Bant004853,N0.HOG0006733
Bantar,Bant004861,N0.HOG0009075
Bantar,Bant004912,N0.HOG0008035
Bantar,Bant004940,N0.HOG0007824
Bantar,Bant005147,N0.HOG0006679
Bantar,Bant005150,N0.HOG0006602
Bantar,Bant005234,N0.HOG0005743
Bantar,Bant005265,N0.HOG0007435
Bantar,Bant005321,N0.HOG0007891
Bantar,Bant005337,N0.HOG0006472
Bantar,Bant005354,N0.HOG0006790
Bantar,Bant005401,N0.HOG0007296
Bantar,Bant005544,N0.HOG0000264
Bantar,Bant005579,N0.HOG0005968
Bantar,Bant005589,N0.HOG0007817
Bantar,Bant005669,N0.HOG0007674
Bantar,Bant005690,N0.HOG0007156
Bantar,Bant005750,N0.HOG0006119
Bantar,Bant005823,N0.HOG0006868
Bantar,Bant005915,N0.HOG0007715
Bantar,Bant005960,N0.HOG0008412
Bantar,Bant005966,N0.HOG0008042
Bantar,Bant006056,N0.HOG0006781
Bantar,Bant006183,N0.HOG0007269
Bantar,Bant006225,N0.HOG0007110
Bantar,Bant006231,N0.HOG0006016
Bantar,Bant006248,N0.HOG0006278
Bantar,Bant006258,N0.HOG0006796
Bantar,Bant006289,N0.HOG0007638
Bantar,Bant006387,N0.HOG0007106
Bantar,Bant006517,N0.HOG0006038
Bantar,Bant006527,N0.HOG0007833
Bantar,Bant006623,N0.HOG0007986
Bantar,Bant006646,N0.HOG0007268
Bantar,Bant006751,N0.HOG0008563
Bantar,Bant006761,N0.HOG0004640
Bantar,Bant006773,N0.HOG0007314
Bantar,Bant006793,N0.HOG0006541
Bantar,Bant006864,N0.HOG0007058
Bantar,Bant006892,N0.HOG0006369
Bantar,Bant006907,N0.HOG0006927
Bantar,Bant006947,N0.HOG0008003
Bantar,Bant007080,N0.HOG0006634
Bantar,Bant007160,N0.HOG0006678
Bantar,Bant007210,N0.HOG0007583
Bantar,Bant007213,N0.HOG0006550
Bantar,Bant007235,N0.HOG0007741
Bantar,Bant007335,N0.HOG0006890
Bantar,Bant007390,N0.HOG0006154
Bantar,Bant007464,N0.HOG0001005
Bantar,Bant007509,N0.HOG0006808
Bantar,Bant007512,N0.HOG0008067
Bantar,Bant007646,N0.HOG0007767
Bantar,Bant007888,N0.HOG0006454
Bantar,Bant007994,N0.HOG0007639
Bantar,Bant008125,N0.HOG0006183
Bantar,Bant008204,N0.HOG0007719
Bantar,Bant008267,N0.HOG0006601
Bantar,Bant008383,N0.HOG0006854
Bantar,Bant008406,N0.HOG0006889
Bantar,Bant008412,N0.HOG0003973
Bantar,Bant008457,N0.HOG0005228
Bantar,Bant008458,N0.HOG0007633
Bantar,Bant008546,N0.HOG0006163
Bantar,Bant008572,N0.HOG0001410
Bantar,Bant008619,N0.HOG0007730
Bantar,Bant008655,N0.HOG0007654
Bantar,Bant008692,N0.HOG0008312
Bantar,Bant008704,N0.HOG0006923
Bantar,Bant008783,N0.HOG0007181
Bantar,Bant008866,N0.HOG0008097
Bantar,Bant008876,N0.HOG0007786
Bantar,Bant008902,N0.HOG0006378
Bantar,Bant008957,N0.HOG0007872
Bantar,Bant008960,N0.HOG0007718
Bantar,Bant008968,N0.HOG0006065
Bantar,Bant008979,N0.HOG0004740
Bantar,Bant009029,N0.HOG0006380
Bantar,Bant009048,N0.HOG0007967
Bantar,Bant009070,N0.HOG0005878
Bantar,Bant009232,N0.HOG0003426
Bantar,Bant009267,N0.HOG0007063
Bantar,Bant009391,N0.HOG0006058
Bantar,Bant009434,N0.HOG0006365
Bantar,Bant009474,N0.HOG0006695
Bantar,Bant009481,N0.HOG0006313
Bantar,Bant009783,N0.HOG0008077
Bantar,Bant009788,N0.HOG0007879
Bantar,Bant009879,N0.HOG0007031
Bantar,Bant009926,N0.HOG0002066
Bantar,Bant010118,N0.HOG0007012
Bantar,Bant010133,N0.HOG0007001
Bantar,Bant010234,N0.HOG0006897
Bantar,Bant010410,N0.HOG0006613
Bantar,Bant010438,N0.HOG0007487
Bantar,Bant010444,N0.HOG0001080
Bantar,Bant010483,N0.HOG0007769
Bantar,Bant010544,N0.HOG0007982
Bantar,Bant010601,N0.HOG0006353
Bantar,Bant010699,N0.HOG0006377
Cquinq,CQUJHB000174,N0.HOG0005743
Cquinq,CQUJHB000520,N0.HOG0007426
Cquinq,CQUJHB000558,N0.HOG0006679
Cquinq,CQUJHB000559,N0.HOG0007008
Cquinq,CQUJHB000627,N0.HOG0006198
Cquinq,CQUJHB000917,N0.HOG0007527
Cquinq,CQUJHB000936,N0.HOG0007786
Cquinq,CQUJHB001025,N0.HOG0008055
Cquinq,CQUJHB001066,N0.HOG0006168
Cquinq,CQUJHB001108,N0.HOG0006897
Cquinq,CQUJHB001178,N0.HOG0006594
Cquinq,CQUJHB001294,N0.HOG0001080
Cquinq,CQUJHB001299,N0.HOG0007741
Cquinq,CQUJHB001406,N0.HOG0006695
Cquinq,CQUJHB001531,N0.HOG0006410
Cquinq,CQUJHB001809,N0.HOG0007715
Cquinq,CQUJHB002064,N0.HOG0007718
Cquinq,CQUJHB002585,N0.HOG0006065
Cquinq,CQUJHB002658,N0.HOG0000326
Cquinq,CQUJHB002734,N0.HOG0007453
Cquinq,CQUJHB002853,N0.HOG0006380
Cquinq,CQUJHB002877,N0.HOG0007817
Cquinq,CQUJHB003142,N0.HOG0006546
Cquinq,CQUJHB003272,N0.HOG0008878
Cquinq,CQUJHB003326,N0.HOG0006316
Cquinq,CQUJHB003360,N0.HOG0007872
Cquinq,CQUJHB003521,N0.HOG0006352
Cquinq,CQUJHB003691,N0.HOG0006378
Cquinq,CQUJHB003835,N0.HOG0008312
Cquinq,CQUJHB003885,N0.HOG0004554
Cquinq,CQUJHB003907,N0.HOG0007112
Cquinq,CQUJHB003934,N0.HOG0004913
Cquinq,CQUJHB003955,N0.HOG0007710
Cquinq,CQUJHB004054,N0.HOG0006444
Cquinq,CQUJHB004087,N0.HOG0008003
Cquinq,CQUJHB004167,N0.HOG0006278
Cquinq,CQUJHB004253,N0.HOG0007201
Cquinq,CQUJHB004351,N0.HOG0004740
Cquinq,CQUJHB004498,N0.HOG0006058
Cquinq,CQUJHB004572,N0.HOG0000850
Cquinq,CQUJHB004702,N0.HOG0008054
Cquinq,CQUJHB004789,N0.HOG0007638
Cquinq,CQUJHB005048,N0.HOG0007156
Cquinq,CQUJHB005268,N0.HOG0007160
Cquinq,CQUJHB005379,N0.HOG0007891
Cquinq,CQUJHB005393,N0.HOG0006183
Cquinq,CQUJHB005419,N0.HOG0009075
Cquinq,CQUJHB005438,N0.HOG0006678
Cquinq,CQUJHB005514,N0.HOG0006465
Cquinq,CQUJHB005629,N0.HOG0006927
Cquinq,CQUJHB005703,N0.HOG0008561
Cquinq,CQUJHB005874,N0.HOG0006235
Cquinq,CQUJHB005903,N0.HOG0006454
Cquinq,CQUJHB006011,N0.HOG0001410
Cquinq,CQUJHB006390,N0.HOG0007110
Cquinq,CQUJHB006809,N0.HOG0006154
Cquinq,CQUJHB006899,N0.HOG0007270
Cquinq,CQUJHB006918,N0.HOG0004041
Cquinq,CQUJHB006966,N0.HOG0008883
Cquinq,CQUJHB007070,N0.HOG0007394
Cquinq,CQUJHB007151,N0.HOG0007920
Cquinq,CQUJHB007313,N0.HOG0008365
Cquinq,CQUJHB007358,N0.HOG0007545
Cquinq,CQUJHB007488,N0.HOG0006634
Cquinq,CQUJHB007776,N0.HOG0007232
Cquinq,CQUJHB007821,N0.HOG0007287
Cquinq,CQUJHB007908,N0.HOG0007730
Cquinq,CQUJHB008105,N0.HOG0006049
Cquinq,CQUJHB008175,N0.HOG0007399
Cquinq,CQUJHB008513,N0.HOG0007784
Cquinq,CQUJHB008645,N0.HOG0007268
Cquinq,CQUJHB008668,N0.HOG0006756
Cquinq,CQUJHB008788,N0.HOG0007224
Cquinq,CQUJHB008815,N0.HOG0008067
Cquinq,CQUJHB008836,N0.HOG0006601
Cquinq,CQUJHB008930,N0.HOG0007517
Cquinq,CQUJHB008983,N0.HOG0005878
Cquinq,CQUJHB009137,N0.HOG0006652
Cquinq,CQUJHB009141,N0.HOG0006163
Cquinq,CQUJHB009185,N0.HOG0008097
Cquinq,CQUJHB009248,N0.HOG0004708
Cquinq,CQUJHB009255,N0.HOG0006889
Cquinq,CQUJHB009361,N0.HOG0007012
Cquinq,CQUJHB009431,N0.HOG0007982
Cquinq,CQUJHB009670,N0.HOG0007798
Cquinq,CQUJHB009686,N0.HOG0007063
Cquinq,CQUJHB009783,N0.HOG0007639
Cquinq,CQUJHB009807,N0.HOG0005968
Cquinq,CQUJHB009821,N0.HOG0007435
Cquinq,CQUJHB009858,N0.HOG0007314
Cquinq,CQUJHB009904,N0.HOG0008412
Cquinq,CQUJHB009986,N0.HOG0007181
Cquinq,CQUJHB010085,N0.HOG0006377
Cquinq,CQUJHB010464,N0.HOG0008334
Cquinq,CQUJHB010603,N0.HOG0007420
Cquinq,CQUJHB010630,N0.HOG0003426
Cquinq,CQUJHB010695,N0.HOG0008215
Cquinq,CQUJHB010728,N0.HOG0007531
Cquinq,CQUJHB010777,N0.HOG0006808
Cquinq,CQUJHB011030,N0.HOG0007128
Cquinq,CQUJHB011339,N0.HOG0001005
Cquinq,CQUJHB011388,N0.HOG0007844
Cquinq,CQUJHB011389,N0.HOG0006602
Cquinq,CQUJHB011554,N0.HOG0007833
Cquinq,CQUJHB011632,N0.HOG0004640
Cquinq,CQUJHB011793,N0.HOG0006868
Cquinq,CQUJHB011845,N0.HOG0006613
Cquinq,CQUJHB012013,N0.HOG0007719
Cquinq,CQUJHB012035,N0.HOG0006790
Cquinq,CQUJHB012091,N0.HOG0007967
Cquinq,CQUJHB012313,N0.HOG0007770
Cquinq,CQUJHB012342,N0.HOG0007484
Cquinq,CQUJHB012440,N0.HOG0007487
Cquinq,CQUJHB012473,N0.HOG0006375
Cquinq,CQUJHB012478,N0.HOG0006781
Cquinq,CQUJHB012553,N0.HOG0006796
Cquinq,CQUJHB012596,N0.HOG0005362
Cquinq,CQUJHB012753,N0.HOG0007824
Cquinq,CQUJHB012763,N0.HOG0006686
Cquinq,CQUJHB012938,N0.HOG0007058
Cquinq,CQUJHB013118,N0.HOG0007296
Cquinq,CQUJHB013151,N0.HOG0006943
Cquinq,CQUJHB013162,N0.HOG0005281
Cquinq,CQUJHB013356,N0.HOG0007674
Cquinq,CQUJHB013684,N0.HOG0006038
Cquinq,CQUJHB013721,N0.HOG0007031
Cquinq,CQUJHB013866,N0.HOG0001006
Cquinq,CQUJHB013886,N0.HOG0007769
Cquinq,CQUJHB013915,N0.HOG0005228
Cquinq,CQUJHB014126,N0.HOG0007106
Cquinq,CQUJHB014142,N0.HOG0008986
Cquinq,CQUJHB014162,N0.HOG0007283
Cquinq,CQUJHB014199,N0.HOG0006310
Cquinq,CQUJHB014437,N0.HOG0006365
Cquinq,CQUJHB014515,N0.HOG0006426
Cquinq,CQUJHB014647,N0.HOG0008077
Cquinq,CQUJHB014736,N0.HOG0006119
Cquinq,CQUJHB014750,N0.HOG0008035
Cquinq,CQUJHB014896,N0.HOG0006016
Cquinq,CQUJHB014906,N0.HOG0006061
Cquinq,CQUJHB014992,N0.HOG0000264
Cquinq,CQUJHB015221,N0.HOG0006923
Cquinq,CQUJHB015266,N0.HOG0006733
Cquinq,CQUJHB015470,N0.HOG0007767
Cquinq,CQUJHB015481,N0.HOG0006854
Cquinq,CQUJHB015631,N0.HOG0006472
Cquinq,CQUJHB015696,N0.HOG0007654
Cquinq,CQUJHB015721,N0.HOG0006503
Cquinq,CQUJHB015870,N0.HOG0006844
Cquinq,CQUJHB015894,N0.HOG0002066
Cquinq,CQUJHB015990,N0.HOG0008210
Cquinq,CQUJHB016025,N0.HOG0006313
Cquinq,CQUJHB016134,N0.HOG0008295
Cquinq,CQUJHB016159,N0.HOG0006181
Cquinq,CQUJHB016193,N0.HOG0006541
Cquinq,CQUJHB016203,N0.HOG0008042
Cquinq,CQUJHB016568,N0.HOG0007879
Cquinq,CQUJHB016635,N0.HOG0006837
Cquinq,CQUJHB016914,N0.HOG0008563
Cquinq,CQUJHB017432,N0.HOG0007633
Cquinq,CQUJHB017443,N0.HOG0004320
Cquinq,CQUJHB017454,N0.HOG0006369
Cquinq,CQUJHB017475,N0.HOG0006550
Cquinq,CQUJHB017633,N0.HOG0003973
Cquinq,CQUJHB017871,N0.HOG0006890
Cquinq,CQUJHB017907,N0.HOG0008056
Cquinq,CQUJHB017918,N0.HOG0007583
Cquinq,CQUJHB017953,N0.HOG0007748
Cquinq,CQUJHB017961,N0.HOG0007986
Cquinq,CQUJHB018021,N0.HOG0007001
Cquinq,CQUJHB018073,N0.HOG0005948
Cquinq,CQUJHB018189,N0.HOG0007269
Cquinq,CQUJHB018248,N0.HOG0007350
Cquinq,CQUJHB018391,N0.HOG0006353
Cquinq,CQUJHB018464,N0.HOG0007651
Cripar,CAG9797027,N0.HOG0006503
Cripar,CAG9797052,N0.HOG0006796
Cripar,CAG9797121,N0.HOG0007283
Cripar,CAG9797249,N0.HOG0006844
Cripar,CAG9797456,N0.HOG0008215
Cripar,CAG9797514,N0.HOG0006613
Cripar,CAG9797522,N0.HOG0006943
Cripar,CAG9797526,N0.HOG0006119
Cripar,CAG9797529,N0.HOG0006168
Cripar,CAG9797584,N0.HOG0005968
Cripar,CAG9797616,N0.HOG0006278
Cripar,CAG9797949,N0.HOG0006550
Cripar,CAG9798045,N0.HOG0007517
Cripar,CAG9798075,N0.HOG0008077
Cripar,CAG9798377,N0.HOG0007920
Cripar,CAG9798411,N0.HOG0007270
Cripar,CAG9798605,N0.HOG0006678
Cripar,CAG9798664,N0.HOG0007484
Cripar,CAG9798740,N0.HOG0008055
Cripar,CAG9798810,N0.HOG0006897
Cripar,CAG9798833,N0.HOG0008035
Cripar,CAG9798888,N0.HOG0007833
Cripar,CAG9798974,N0.HOG0006410
Cripar,CAG9799059,N0.HOG0006652
Cripar,CAG9799079,N0.HOG0006781
Cripar,CAG9799121,N0.HOG0006472
Cripar,CAG9799134,N0.HOG0007583
Cripar,CAG9799172,N0.HOG0006837
Cripar,CAG9799260,N0.HOG0006634
Cripar,CAG9799262,N0.HOG0006365
Cripar,CAG9799545,N0.HOG0007232
Cripar,CAG9799580,N0.HOG0007674
Cripar,CAG9799707,N0.HOG0007719
Cripar,CAG9799936,N0.HOG0007531
Cripar,CAG9799999,N0.HOG0008295
Cripar,CAG9800198,N0.HOG0007112
Cripar,CAG9800224,N0.HOG0006756
Cripar,CAG9800386,N0.HOG0007639
Cripar,CAG9800437,N0.HOG0007748
Cripar,CAG9800487,N0.HOG0008883
Cripar,CAG9800535,N0.HOG0008365
Cripar,CAG9800768,N0.HOG0006923
Cripar,CAG9800978,N0.HOG0006808
Cripar,CAG9800981,N0.HOG0008067
Cripar,CAG9800995,N0.HOG0001005
Cripar,CAG9801002,N0.HOG0007156
Cripar,CAG9801036,N0.HOG0007008
Cripar,CAG9801050,N0.HOG0006058
Cripar,CAG9801376,N0.HOG0007891
Cripar,CAG9801455,N0.HOG0007710
Cripar,CAG9801517,N0.HOG0008561
Cripar,CAG9801653,N0.HOG0002066
Cripar,CAG9801662,N0.HOG0007110
Cripar,CAG9801783,N0.HOG0009075
Cripar,CAG9801829,N0.HOG0006541
Cripar,CAG9801940,N0.HOG0007181
Cripar,CAG9801983,N0.HOG0004913
Cripar,CAG9802138,N0.HOG0006927
Cripar,CAG9802405,N0.HOG0006369
Cripar,CAG9802420,N0.HOG0007770
Cripar,CAG9802473,N0.HOG0007767
Cripar,CAG9802778,N0.HOG0008003
Cripar,CAG9802786,N0.HOG0007741
Cripar,CAG9802836,N0.HOG0005878
Cripar,CAG9802873,N0.HOG0007269
Cripar,CAG9803117,N0.HOG0006235
Cripar,CAG9803252,N0.HOG0006454
Cripar,CAG9803323,N0.HOG0008210
Cripar,CAG9803467,N0.HOG0006602
Cripar,CAG9803573,N0.HOG0006353
Cripar,CAG9803591,N0.HOG0004708
Cripar,CAG9803598,N0.HOG0005228
Cripar,CAG9803794,N0.HOG0007001
Cripar,CAG9803819,N0.HOG0006790
Cripar,CAG9803847,N0.HOG0005281
Cripar,CAG9803908,N0.HOG0008412
Cripar,CAG9803941,N0.HOG0007545
Cripar,CAG9803960,N0.HOG0006679
Cripar,CAG9803989,N0.HOG0007718
Cripar,CAG9803990,N0.HOG0007872
Cripar,CAG9804072,N0.HOG0007784
Cripar,CAG9804089,N0.HOG0007769
Cripar,CAG9804223,N0.HOG0004740
Cripar,CAG9804246,N0.HOG0006065
Cripar,CAG9804325,N0.HOG0007106
Cripar,CAG9804452,N0.HOG0007967
Cripar,CAG9804557,N0.HOG0004554
Cripar,CAG9804573,N0.HOG0004640
Cripar,CAG9804679,N0.HOG0007296
Cripar,CAG9804740,N0.HOG0006889
Cripar,CAG9804765,N0.HOG0007399
Cripar,CAG9804812,N0.HOG0006198
Cripar,CAG9804830,N0.HOG0003973
Cripar,CAG9804872,N0.HOG0007201
Cripar,CAG9805125,N0.HOG0007715
Cripar,CAG9805133,N0.HOG0006868
Cripar,CAG9805136,N0.HOG0007426
Cripar,CAG9805174,N0.HOG0007633
Cripar,CAG9805275,N0.HOG0008097
Cripar,CAG9805287,N0.HOG0007268
Cripar,CAG9805344,N0.HOG0001080
Cripar,CAG9805347,N0.HOG0007487
Cripar,CAG9805448,N0.HOG0007786
Cripar,CAG9805558,N0.HOG0007128
Cripar,CAG9805674,N0.HOG0008986
Cripar,CAG9805732,N0.HOG0008042
Cripar,CAG9805811,N0.HOG0007824
Cripar,CAG9806058,N0.HOG0006465
Cripar,CAG9806097,N0.HOG0008056
Cripar,CAG9806101,N0.HOG0007654
Cripar,CAG9806119,N0.HOG0007879
Cripar,CAG9806139,N0.HOG0007160
Cripar,CAG9806208,N0.HOG0007314
Cripar,CAG9806213,N0.HOG0007638
Cripar,CAG9806239,N0.HOG0006375
Cripar,CAG9806266,N0.HOG0001410
Cripar,CAG9806269,N0.HOG0006686
Cripar,CAG9806271,N0.HOG0007420
Cripar,CAG9806305,N0.HOG0007798
Cripar,CAG9806500,N0.HOG0007453
Cripar,CAG9806836,N0.HOG0001006
Cripar,CAG9807036,N0.HOG0006352
Cripar,CAG9807076,N0.HOG0007031
Cripar,CAG9807184,N0.HOG0006181
Cripar,CAG9807419,N0.HOG0007287
Cripar,CAG9807447,N0.HOG0007817
Cripar,CAG9807476,N0.HOG0006377
Cripar,CAG9807533,N0.HOG0006183
Cripar,CAG9807761,N0.HOG0005948
Cripar,CAG9807880,N0.HOG0007224
Cripar,CAG9807893,N0.HOG0007651
Cripar,CAG9808010,N0.HOG0008312
Cripar,CAG9808202,N0.HOG0006038
Cripar,CAG9808213,N0.HOG0006061
Cripar,CAG9808335,N0.HOG0006049
Cripar,CAG9808380,N0.HOG0005743
Cripar,CAG9808385,N0.HOG0007063
Cripar,CAG9808446,N0.HOG0007982
Cripar,CAG9808554,N0.HOG0008334
Cripar,CAG9808595,N0.HOG0000326
Cripar,CAG9808723,N0.HOG0007435
Cripar,CAG9808875,N0.HOG0006316
Cripar,CAG9809039,N0.HOG0006733
Cripar,CAG9809369,N0.HOG0007986
Cripar,CAG9809458,N0.HOG0005362
Cripar,CAG9809552,N0.HOG0008878
Cripar,CAG9809561,N0.HOG0006854
Cripar,CAG9809640,N0.HOG0006380
Cripar,CAG9809654,N0.HOG0008054
Cripar,CAG9809669,N0.HOG0003426
Cripar,CAG9809763,N0.HOG0006890
Cripar,CAG9809921,N0.HOG0006546
Cripar,CAG9809954,N0.HOG0006426
Cripar,CAG9809957,N0.HOG0000264
Cripar,CAG9809964,N0.HOG0008563
Cripar,CAG9809994,N0.HOG0006601
Cripar,CAG9810062,N0.HOG0007012
Cripar,CAG9810373,N0.HOG0000850
Cripar,CAG9810467,N0.HOG0007350
Cripar,CAG9810670,N0.HOG0004041
Cripar,CAG9810759,N0.HOG0006313
Cripar,CAG9811225,N0.HOG0006163
Cripar,CAG9811828,N0.HOG0006016
Cripar,CAG9811977,N0.HOG0007527
Cripar,CAG9811996,N0.HOG0007058
Cripar,CAG9812221,N0.HOG0006444
Cripar,CAG9812336,N0.HOG0006594
Cripar,CAG9812348,N0.HOG0007844
Cripar,CAH1707341,N0.HOG0004320
Cripar,CAH1717387,N0.HOG0006310
Cripar,CAH1719583,N0.HOG0007730
Cripar,CAH1720088,N0.HOG0006695
Cripar,CAH1728255,N0.HOG0006154
Cripar,CAH1729339,N0.HOG0006378
Cripar,CAH1734538,N0.HOG0007394
Csonor,OGVF03000086.1-_anno1.g9570,N0.HOG0007719
Csonor,OGVF03000087.1-_anno1.g8659,N0.HOG0006733
Csonor,OGVF03000088.1-_anno1.g1871,N0.HOG0006854
Csonor,OGVF03000116.1-_anno1.g2418,N0.HOG0001005
Csonor,OGVF03000119.1-_anno1.g7181,N0.HOG0001006
Csonor,OGVF03000126.1+_anno1.g11484,N0.HOG0006594
Csonor,OGVF03000126.1+_anno1.g11556,N0.HOG0007718
Csonor,OGVF03000126.1+_anno1.g11610,N0.HOG0007001
Csonor,OGVF03000126.1+_anno1.g11622,N0.HOG0008215
Csonor,OGVF03000126.1-_anno1.g11539,N0.HOG0006465
Csonor,OGVF03000126.1-_anno1.g11570,N0.HOG0007031
Csonor,OGVF03000129.1+_anno1.g16421,N0.HOG0007967
Csonor,OGVF03000134.1+_anno1.g12442,N0.HOG0007063
Csonor,OGVF03000192.1+_anno1.g3205,N0.HOG0007270
Csonor,OGVF03000243.1-_anno1.g4251,N0.HOG0008295
Csonor,OGVF03000244.1+_anno1.g10877,N0.HOG0008883
Csonor,OGVF03000302.1+_anno1.g10283,N0.HOG0006790
Csonor,OGVF03000302.1-_anno1.g10262,N0.HOG0007012
Csonor,OGVF03000302.1-_anno1.g10264,N0.HOG0004740
Csonor,OGVF03000302.1-_anno1.g10284,N0.HOG0006601
Csonor,OGVF03000309.1-_anno1.g5093,N0.HOG0006927
Csonor,OGVF03000329.1+_anno1.g14577,N0.HOG0006310
Csonor,OGVF03000345.1-_anno1.g4146,N0.HOG0007748
Csonor,OGVF03000348.1+_anno1.g1411,N0.HOG0007287
Csonor,OGVF03000394.1+_anno1.g2477,N0.HOG0007283
Csonor,OGVF03000417.1-_anno1.g9909,N0.HOG0006781
Csonor,OGVF03000455.1-_anno1.g13591,N0.HOG0006235
Csonor,OGVF03000455.1-_anno2.g14224,N0.HOG0006154
Csonor,OGVF03000462.1-_anno1.g10054,N0.HOG0006444
Csonor,OGVF03000466.1-_anno1.g3920,N0.HOG0005743
Csonor,OGVF03000466.1-_anno2.g9719,N0.HOG0006378
Csonor,OGVF03000473.1+_anno1.g16715,N0.HOG0006313
Csonor,OGVF03000494.1+_anno1.g15470,N0.HOG0006602
Csonor,OGVF03000513.1-_anno1.g3059,N0.HOG0008312
Csonor,OGVF03000582.1-_anno1.g16815,N0.HOG0008210
Csonor,OGVF03000583.1+_anno1.g12870,N0.HOG0005228
Csonor,OGVF03000583.1-_anno1.g12857,N0.HOG0007982
Csonor,OGVF03000620.1-_anno1.g13404,N0.HOG0006808
Csonor,OGVF03000635.1-_anno1.g13352,N0.HOG0001410
Csonor,OGVF03000805.1-_anno1.g14791,N0.HOG0007920
Csonor,OGVF03001005.1-_anno1.g14074,N0.HOG0006943
Csonor,OGVF03001005.1-_anno1.g14083,N0.HOG0007517
Csonor,OGVF03001006.1+_anno1.g4328,N0.HOG0006163
Csonor,OGVF03001069.1-_anno1.g6737,N0.HOG0006923
Csonor,OGVF03001103.1+_anno1.g6870,N0.HOG0004320
Csonor,OGVF03001130.1+_anno2.g2784,N0.HOG0006541
Csonor,OGVF03001132.1+_anno1.g7448,N0.HOG0007545
Csonor,OGVF03001134.1+_anno1.g852,N0.HOG0007314
Csonor,OGVF03001139.1-_anno1.g5756,N0.HOG0007824
Csonor,OGVF03001182.1+_anno1.g9169,N0.HOG0007181
Csonor,OGVF03001183.1+_anno1.g5274,N0.HOG0006183
Csonor,OGVF03001208.1+_anno1.g18057,N0.HOG0006678
Csonor,OGVF03001306.1+_anno1.g1975,N0.HOG0004913
Csonor,OGVF03001348.1+_anno1.g4934,N0.HOG0006890
Csonor,OGVF03001348.1+_anno1.g4943,N0.HOG0006353
Csonor,OGVF03001371.1-_anno1.g12632,N0.HOG0007638
Csonor,OGVF03001462.1-_anno1.g1110,N0.HOG0007844
Csonor,OGVF03001477.1-_anno1.g7601,N0.HOG0006889
Csonor,OGVF03001482.1-_anno1.g6426,N0.HOG0007487
Csonor,OGVF03001495.1+_anno1.g12094,N0.HOG0007769
Csonor,OGVF03001495.1-_anno1.g12093,N0.HOG0006844
Csonor,OGVF03001496.1+_anno1.g6420,N0.HOG0007651
Csonor,OGVF03001499.1-_anno1.g9023,N0.HOG0008035
Csonor,OGVF03001535.1+_anno1.g5785,N0.HOG0006049
Csonor,OGVF03001592.1+_anno1.g13371,N0.HOG0006695
Csonor,OGVF03001598.1-_anno1.g17420,N0.HOG0006369
Csonor,OGVF03001598.1-_anno1.g17425,N0.HOG0006634
Csonor,OGVF03001602.1+_anno1.g9264,N0.HOG0006119
Csonor,OGVF03001602.1+_anno1.g9307,N0.HOG0007583
Csonor,OGVF03001602.1-_anno1.g9295,N0.HOG0007232
Csonor,OGVF03001602.1-_anno1.g9306,N0.HOG0007741
Csonor,OGVF03001603.1+_anno1.g5203,N0.HOG0006550
Csonor,OGVF03001656.1+_anno1.g6227,N0.HOG0007879
Csonor,OGVF03001658.1-_anno1.g12307,N0.HOG0005362
Csonor,OGVF03001658.1-_anno1.g12329,N0.HOG0008561
Csonor,OGVF03001658.1-_anno1.g12343,N0.HOG0007420
Csonor,OGVF03001683.1+_anno1.g16975,N0.HOG0006796
Csonor,OGVF03001793.1+_anno1.g7431,N0.HOG0006686
Csonor,OGVF03001829.1+_anno1.g5916,N0.HOG0007112
Csonor,OGVF03001938.1+_anno1.g16454,N0.HOG0006652
Csonor,OGVF03001949.1-_anno1.g13903,N0.HOG0007269
Csonor,OGVF03001951.1+_anno1.g5948,N0.HOG0007654
Csonor,OGVF03002025.1+_anno1.g745,N0.HOG0007058
Csonor,OGVF03002082.1-_anno1.g2512,N0.HOG0006016
Csonor,OGVF03002096.1+_anno1.g6507,N0.HOG0009075
Csonor,OGVF03002124.1+_anno1.g16567,N0.HOG0007224
Csonor,OGVF03002172.1+_anno1.g9085,N0.HOG0006837
Csonor,OGVF03002179.1+_anno1.g17917,N0.HOG0008986
Csonor,OGVF03002179.1-_anno1.g17920,N0.HOG0007435
Csonor,OGVF03002181.1+_anno1.g6151,N0.HOG0007201
Csonor,OGVF03002188.1-_anno1.g2568,N0.HOG0007767
Csonor,OGVF03002192.1+_anno1.g10980,N0.HOG0008077
Csonor,OGVF03002201.1+_anno1.g405,N0.HOG0006168
Csonor,OGVF03002204.1-_anno1.g14201,N0.HOG0006472
Csonor,OGVF03002207.1+_anno1.g800,N0.HOG0008334
Csonor,OGVF03002207.1+_anno1.g809,N0.HOG0008412
Csonor,OGVF03002207.1+_anno1.g834,N0.HOG0007484
Csonor,OGVF03002207.1-_anno1.g813,N0.HOG0006352
Csonor,OGVF03002208.1-_anno1.g17939,N0.HOG0004640
Csonor,OGVF03002209.1+_anno1.g5996,N0.HOG0005281
Csonor,OGVF03002210.1+_anno1.g11924,N0.HOG0007527
Csonor,OGVF03002210.1-_anno1.g11925,N0.HOG0007784
Csonor,OGVF03002213.1+_anno1.g12506,N0.HOG0006365
Csonor,OGVF03002216.1-_anno1.g14961,N0.HOG0007798
Csonor,OGVF03002236.1-_anno1.g1798,N0.HOG0007399
Csonor,OGVF03002239.1-_anno1.g2789,N0.HOG0006503
Csonor,OGVF03002242.1+_anno1.g6821,N0.HOG0006613
Csonor,OGVF03002244.1+_anno1.g1333,N0.HOG0007453
Csonor,OGVF03002280.1-_anno1.g10058,N0.HOG0006278
Csonor,OGVF03002366.1-_anno2.g12554,N0.HOG0007986
Csonor,OGVF03002367.1+_anno1.g7936,N0.HOG0006377
Csonor,OGVF03002467.1+_anno1.g9800,N0.HOG0007891
Csonor,OGVF03002470.1-_anno1.g8168,N0.HOG0006181
Csonor,OGVF03002482.1-_anno1.g13667,N0.HOG0007786
Csonor,OGVF03002528.1+_anno1.g7830,N0.HOG0000326
Csonor,OGVF03002557.1-_anno1.g11477,N0.HOG0007710
Csonor,OGVF03002575.1+_anno1.g114,N0.HOG0006756
Csonor,OGVF03002581.1+_anno1.g16787,N0.HOG0005878
Csonor,OGVF03002670.1+_anno1.g12837,N0.HOG0007633
Csonor,OGVF03002702.1-_anno1.g15391,N0.HOG0003973
Csonor,OGVF03002707.1-_anno1.g6481,N0.HOG0001080
Csonor,OGVF03002729.1-_anno1.g9639,N0.HOG0005948
Csonor,OGVF03002732.1+_anno2.g12393,N0.HOG0005968
Csonor,OGVF03002743.1+_anno1.g1613,N0.HOG0004041
Csonor,OGVF03002745.1-_anno1.g4282,N0.HOG0007008
Csonor,OGVF03002745.1-_anno1.g4304,N0.HOG0007715
Csonor,OGVF03002763.1-_anno1.g2970,N0.HOG0006380
Csonor,OGVF03002870.1-_anno1.g9159,N0.HOG0006038
Csonor,OGVF03002896.1+_anno2.g12665,N0.HOG0008003
Csonor,OGVF03002993.1-_anno1.g17380,N0.HOG0007817
Csonor,OGVF03002994.1-_anno1.g14725,N0.HOG0007160
Csonor,OGVF03003035.1+_anno1.g1826,N0.HOG0006375
Csonor,OGVF03003035.1+_anno1.g1836,N0.HOG0008878
Csonor,OGVF03003053.1-_anno1.g7039,N0.HOG0007106
Csonor,OGVF03003065.1+_anno1.g558,N0.HOG0008563
Csonor,OGVF03003067.1+_anno1.g15802,N0.HOG0007110
Csonor,OGVF03003067.1+_anno1.g15826,N0.HOG0008055
Csonor,OGVF03003067.1+_anno1.g15871,N0.HOG0006058
Csonor,OGVF03003067.1-_anno1.g15874,N0.HOG0007872
Csonor,OGVF03003068.1+_anno1.g14475,N0.HOG0008067
Csonor,OGVF03003078.1+_anno1.g8443,N0.HOG0007350
Csonor,OGVF03003079.1+_anno2.g1119,N0.HOG0007156
Csonor,OGVF03003081.1-_anno1.g3984,N0.HOG0007674
Csonor,OGVF03003081.1-_anno1.g3985,N0.HOG0007394
Csonor,OGVF03003127.1-_anno1.g2408,N0.HOG0006546
Csonor,OGVF03003159.1-_anno1.g12590,N0.HOG0006897
Csonor,OGVF03003213.1+_anno1.g4347,N0.HOG0006061
Csonor,OGVF03003220.1+_anno1.g15633,N0.HOG0007128
Csonor,OGVF03003237.1+_anno1.g16885,N0.HOG0008054
Csonor,OGVF03003238.1-_anno1.g2877,N0.HOG0006198
Csonor,OGVF03003238.1-_anno1.g2896,N0.HOG0007296
Csonor,OGVF03003238.1-_anno2.g7157,N0.HOG0006868
Csonor,OGVF03003239.1+_anno1.g15123,N0.HOG0007833
Csonor,OGVF03003251.1-_anno1.g8575,N0.HOG0006426
Csonor,OGVF03003273.1-_anno1.g2152,N0.HOG0007268
Csonor,OGVF03003286.1-_anno1.g9185,N0.HOG0004708
Csonor,OGVF03003349.1+_anno1.g4057,N0.HOG0007770
Csonor,OGVF03003380.1+_anno1.g15986,N0.HOG0006065
Csonor,OGVF03003380.1-_anno1.g16006,N0.HOG0008056
Csonor,OGVF03003383.1-_anno1.g5858,N0.HOG0008097
Csonor,OGVF03003385.1+_anno1.g11377,N0.HOG0007730
Csonor,OGVF03003386.1+_anno1.g9597,N0.HOG0006316
Csonor,OGVF03003386.1+_anno1.g9609,N0.HOG0006679
Csonor,OGVF03003440.1+_anno1.g16470,N0.HOG0004554
Csonor,OGVF03003442.1+_anno1.g6776,N0.HOG0006454
Csonor,OGVF03003484.1-_anno1.g1277,N0.HOG0008042
Csonor,OGVF03003486.1-_anno1.g3893,N0.HOG0000264
Csonor,OGVF03003580.1+_anno1.g14170,N0.HOG0002066
Csonor,OGVF03003620.1-_anno1.g13017,N0.HOG0007531
Csonor,OGVF03003627.1-_anno1.g8596,N0.HOG0003426
Csonor,OGVF03003702.1-_anno1.g7515,N0.HOG0007426
Csonor,OGVF03003752.1+_anno1.g1048,N0.HOG0000850
Csonor,OGVF03003759.1-_anno1.g12755,N0.HOG0007639
Csonor,OGVF03003837.1+_anno1.g6898,N0.HOG0006410
Csonor,OGVF03003837.1-_anno1.g6902,N0.HOG0008365
Ctenta,Cten000023,N0.HOG0005281
Ctenta,Cten000319,N0.HOG0007314
Ctenta,Cten000324,N0.HOG0007638
Ctenta,Cten000410,N0.HOG0007986
Ctenta,Cten000462,N0.HOG0007110
Ctenta,Cten000658,N0.HOG0007769
Ctenta,Cten000666,N0.HOG0006679
Ctenta,Cten000731,N0.HOG0006796
Ctenta,Cten000762,N0.HOG0006503
Ctenta,Cten000768,N0.HOG0001080
Ctenta,Cten000787,N0.HOG0006601
Ctenta,Cten000866,N0.HOG0006016
Ctenta,Cten000908,N0.HOG0007583
Ctenta,Cten001592,N0.HOG0006235
Ctenta,Cten001798,N0.HOG0006678
Ctenta,Cten002013,N0.HOG0006049
Ctenta,Cten002046,N0.HOG0007730
Ctenta,Cten002075,N0.HOG0004554
Ctenta,Cten002161,N0.HOG0006686
Ctenta,Cten002163,N0.HOG0007420
Ctenta,Cten002504,N0.HOG0007128
Ctenta,Cten002517,N0.HOG0008077
Ctenta,Cten002625,N0.HOG0007001
Ctenta,Cten002670,N0.HOG0008295
Ctenta,Cten002719,N0.HOG0005968
Ctenta,Cten002749,N0.HOG0007879
Ctenta,Cten002773,N0.HOG0007160
Ctenta,Cten002838,N0.HOG0007287
Ctenta,Cten002951,N0.HOG0001006
Ctenta,Cten003012,N0.HOG0002066
Ctenta,Cten003032,N0.HOG0007633
Ctenta,Cten003130,N0.HOG0005362
Ctenta,Cten003221,N0.HOG0007715
Ctenta,Cten003329,N0.HOG0005948
Ctenta,Cten003460,N0.HOG0007031
Ctenta,Cten003670,N0.HOG0006369
Ctenta,Cten003800,N0.HOG0007844
Ctenta,Cten004068,N0.HOG0008365
Ctenta,Cten004328,N0.HOG0008312
Ctenta,Cten004403,N0.HOG0000850
Ctenta,Cten004509,N0.HOG0006733
Ctenta,Cten004536,N0.HOG0007982
Ctenta,Cten004558,N0.HOG0007283
Ctenta,Cten004612,N0.HOG0006546
Ctenta,Cten004647,N0.HOG0007201
Ctenta,Cten004683,N0.HOG0006790
Ctenta,Cten004943,N0.HOG0007435
Ctenta,Cten004966,N0.HOG0004913
Ctenta,Cten004988,N0.HOG0006310
Ctenta,Cten005085,N0.HOG0006426
Ctenta,Cten005208,N0.HOG0006380
Ctenta,Cten005258,N0.HOG0003426
Ctenta,Cten005359,N0.HOG0007484
Ctenta,Cten005579,N0.HOG0007710
Ctenta,Cten005790,N0.HOG0007651
Ctenta,Cten005802,N0.HOG0007181
Ctenta,Cten005827,N0.HOG0006602
Ctenta,Cten006056,N0.HOG0006837
Ctenta,Cten006099,N0.HOG0001410
Ctenta,Cten006102,N0.HOG0007654
Ctenta,Cten006226,N0.HOG0005743
Ctenta,Cten006234,N0.HOG0000326
Ctenta,Cten006252,N0.HOG0007770
Ctenta,Cten006376,N0.HOG0006183
Ctenta,Cten006446,N0.HOG0007156
Ctenta,Cten006510,N0.HOG0008054
Ctenta,Cten006577,N0.HOG0006352
Ctenta,Cten006640,N0.HOG0006613
Ctenta,Cten006651,N0.HOG0006943
Ctenta,Cten006656,N0.HOG0006119
Ctenta,Cten006660,N0.HOG0006168
Ctenta,Cten006705,N0.HOG0006868
Ctenta,Cten006708,N0.HOG0007426
Ctenta,Cten006862,N0.HOG0006695
Ctenta,Cten007022,N0.HOG0008035
Ctenta,Cten007047,N0.HOG0006058
Ctenta,Cten007106,N0.HOG0006652
Ctenta,Cten007657,N0.HOG0006890
Ctenta,Cten007934,N0.HOG0006897
Ctenta,Cten008011,N0.HOG0007296
Ctenta,Cten008170,N0.HOG0007748
Ctenta,Cten008562,N0.HOG0004740
Ctenta,Cten008589,N0.HOG0007824
Ctenta,Cten008690,N0.HOG0007545
Ctenta,Cten008725,N0.HOG0008412
Ctenta,Cten008984,N0.HOG0006854
Ctenta,Cten008994,N0.HOG0008878
Ctenta,Cten009055,N0.HOG0006065
Ctenta,Cten009247,N0.HOG0006154
Ctenta,Cten009459,N0.HOG0006378
Ctenta,Cten009524,N0.HOG0006781
Ctenta,Cten009693,N0.HOG0007531
Ctenta,Cten009761,N0.HOG0006454
Ctenta,Cten010265,N0.HOG0006278
Ctenta,Cten010441,N0.HOG0006163
Ctenta,Cten010459,N0.HOG0008056
Ctenta,Cten010572,N0.HOG0001005
Ctenta,Cten010895,N0.HOG0007767
Ctenta,Cten011014,N0.HOG0008055
Ctenta,Cten011340,N0.HOG0006313
Ctenta,Cten011670,N0.HOG0007719
Ctenta,Cten011862,N0.HOG0007718
Ctenta,Cten011863,N0.HOG0007872
Ctenta,Cten011925,N0.HOG0007527
Ctenta,Cten012123,N0.HOG0005228
Ctenta,Cten012359,N0.HOG0004041
Ctenta,Cten012397,N0.HOG0006181
Ctenta,Cten013037,N0.HOG0006316
Ctenta,Cten013209,N0.HOG0008883
Ctenta,Cten013305,N0.HOG0007891
Ctenta,Cten013791,N0.HOG0007232
Ctenta,Cten013867,N0.HOG0007453
Ctenta,Cten013920,N0.HOG0006465
Ctenta,Cten014289,N0.HOG0006808
Ctenta,Cten014292,N0.HOG0008067
Ctenta,Cten014645,N0.HOG0007058
Ctenta,Cten014760,N0.HOG0007639
Ctenta,Cten014871,N0.HOG0007817
Ctenta,Cten014985,N0.HOG0008215
Ctenta,Cten015036,N0.HOG0007674
Ctenta,Cten015052,N0.HOG0006927
Ctenta,Cten015074,N0.HOG0005878
Ctenta,Cten015146,N0.HOG0006472
Ctenta,Cten015355,N0.HOG0007786
Ctenta,Cten015426,N0.HOG0009075
Ctenta,Cten015605,N0.HOG0008563
Ctenta,Cten015612,N0.HOG0000264
Ctenta,Cten015627,N0.HOG0007270
Ctenta,Cten015648,N0.HOG0006353
Ctenta,Cten015722,N0.HOG0008334
Ctenta,Cten016116,N0.HOG0007798
Ctenta,Cten016236,N0.HOG0006375
Ctenta,Cten016276,N0.HOG0007487
Ctenta,Cten016355,N0.HOG0007399
Ctenta,Cten016372,N0.HOG0006889
Ctenta,Cten016404,N0.HOG0007394
Ctenta,Cten016500,N0.HOG0008986
Ctenta,Cten016697,N0.HOG0007008
Ctenta,Cten016771,N0.HOG0008561
Ctenta,Cten016815,N0.HOG0007063
Ctenta,Cten016906,N0.HOG0007224
Ctenta,Cten016913,N0.HOG0007517
Ctenta,Cten016959,N0.HOG0006444
Ctenta,Cten017055,N0.HOG0007920
Ctenta,Cten017069,N0.HOG0007967
Ctenta,Cten017213,N0.HOG0006634
Ctenta,Cten017215,N0.HOG0006365
Ctenta,Cten017426,N0.HOG0008003
Ctenta,Cten017469,N0.HOG0004708
Ctenta,Cten017607,N0.HOG0006844
Ctenta,Cten017681,N0.HOG0006410
Ctenta,Cten017720,N0.HOG0006594
Ctenta,Cten017988,N0.HOG0006377
Ctenta,Cten018024,N0.HOG0006756
Ctenta,Cten018211,N0.HOG0006541
Ctenta,Cten018378,N0.HOG0007741
Ctenta,Cten018441,N0.HOG0008097
Ctenta,Cten018454,N0.HOG0007268
Ctenta,Cten018516,N0.HOG0008042
Ctenta,Cten018605,N0.HOG0007269
Ctenta,Cten018867,N0.HOG0004320
Ctenta,Cten019164,N0.HOG0007112
Ctenta,Cten019195,N0.HOG0008210
Ctenta,Cten019538,N0.HOG0007833
Ctenta,Cten019657,N0.HOG0004640
Ctenta,Cten019679,N0.HOG0006038
Ctenta,Cten019692,N0.HOG0006061
Ctenta,Cten019700,N0.HOG0003973
Ctenta,Cten019718,N0.HOG0006198
Ctenta,Cten019824,N0.HOG0007784
Ctenta,Cten020253,N0.HOG0007350
Ctenta,Cten020363,N0.HOG0007012
Ctenta,Cten020508,N0.HOG0006550
Ctenta,Cten020540,N0.HOG0006923
Ctenta,Cten020569,N0.HOG0007106
Mdomes,Mdom000109,N0.HOG0006369
Mdomes,Mdom000226,N0.HOG0008563
Mdomes,Mdom000227,N0.HOG0007269
Mdomes,Mdom000379,N0.HOG0006613
Mdomes,Mdom000684,N0.HOG0007844
Mdomes,Mdom000969,N0.HOG0006353
Mdomes,Mdom000982,N0.HOG0007710
Mdomes,Mdom001095,N0.HOG0001410
Mdomes,Mdom001170,N0.HOG0007058
Mdomes,Mdom001182,N0.HOG0006378
Mdomes,Mdom001187,N0.HOG0008210
Mdomes,Mdom001336,N0.HOG0007232
Mdomes,Mdom001636,N0.HOG0007583
Mdomes,Mdom001676,N0.HOG0004041
Mdomes,Mdom001733,N0.HOG0006016
Mdomes,Mdom001748,N0.HOG0007394
Mdomes,Mdom001923,N0.HOG0004740
Mdomes,Mdom002000,N0.HOG0006310
Mdomes,Mdom002027,N0.HOG0007399
Mdomes,Mdom002087,N0.HOG0004913
Mdomes,Mdom002097,N0.HOG0008035
Mdomes,Mdom002108,N0.HOG0006890
Mdomes,Mdom002178,N0.HOG0006733
Mdomes,Mdom002188,N0.HOG0007730
Mdomes,Mdom002446,N0.HOG0007784
Mdomes,Mdom002473,N0.HOG0006889
Mdomes,Mdom002488,N0.HOG0006678
Mdomes,Mdom002608,N0.HOG0006154
Mdomes,Mdom002628,N0.HOG0006235
Mdomes,Mdom003000,N0.HOG0006601
Mdomes,Mdom003047,N0.HOG0006444
Mdomes,Mdom003111,N0.HOG0007891
Mdomes,Mdom003184,N0.HOG0005743
Mdomes,Mdom003207,N0.HOG0009075
Mdomes,Mdom003303,N0.HOG0007770
Mdomes,Mdom003359,N0.HOG0008042
Mdomes,Mdom003389,N0.HOG0000264
Mdomes,Mdom003422,N0.HOG0006472
Mdomes,Mdom003615,N0.HOG0001005
Mdomes,Mdom003631,N0.HOG0008067
Mdomes,Mdom003823,N0.HOG0007435
Mdomes,Mdom004041,N0.HOG0007181
Mdomes,Mdom004054,N0.HOG0006634
Mdomes,Mdom004201,N0.HOG0006808
Mdomes,Mdom004279,N0.HOG0006058
Mdomes,Mdom004285,N0.HOG0007639
Mdomes,Mdom004407,N0.HOG0008003
Mdomes,Mdom004450,N0.HOG0005968
Mdomes,Mdom004485,N0.HOG0007420
Mdomes,Mdom004659,N0.HOG0007350
Mdomes,Mdom004723,N0.HOG0006854
Mdomes,Mdom004733,N0.HOG0007160
Mdomes,Mdom004782,N0.HOG0006454
Mdomes,Mdom004840,N0.HOG0007718
Mdomes,Mdom004921,N0.HOG0000326
Mdomes,Mdom005097,N0.HOG0007769
Mdomes,Mdom005116,N0.HOG0007545
Mdomes,Mdom005142,N0.HOG0005362
Mdomes,Mdom005221,N0.HOG0001006
Mdomes,Mdom005304,N0.HOG0004640
Mdomes,Mdom005396,N0.HOG0006465
Mdomes,Mdom005398,N0.HOG0006790
Mdomes,Mdom005475,N0.HOG0006923
Mdomes,Mdom005533,N0.HOG0007986
Mdomes,Mdom005584,N0.HOG0007008
Mdomes,Mdom005732,N0.HOG0008312
Mdomes,Mdom005841,N0.HOG0007110
Mdomes,Mdom005853,N0.HOG0004708
Mdomes,Mdom005858,N0.HOG0005878
Mdomes,Mdom005981,N0.HOG0007967
Mdomes,Mdom006076,N0.HOG0006365
Mdomes,Mdom006142,N0.HOG0006380
Mdomes,Mdom006294,N0.HOG0008883
Mdomes,Mdom006304,N0.HOG0006038
Mdomes,Mdom006338,N0.HOG0006316
Mdomes,Mdom006397,N0.HOG0008077
Mdomes,Mdom006497,N0.HOG0006686
Mdomes,Mdom006627,N0.HOG0006375
Mdomes,Mdom006701,N0.HOG0007201
Mdomes,Mdom006834,N0.HOG0006163
Mdomes,Mdom006852,N0.HOG0008334
Mdomes,Mdom006857,N0.HOG0007106
Mdomes,Mdom006930,N0.HOG0001080
Mdomes,Mdom007104,N0.HOG0006602
Mdomes,Mdom007128,N0.HOG0007872
Mdomes,Mdom007167,N0.HOG0006546
Mdomes,Mdom007193,N0.HOG0006119
Mdomes,Mdom007204,N0.HOG0006313
Mdomes,Mdom007366,N0.HOG0008055
Mdomes,Mdom007384,N0.HOG0005228
Mdomes,Mdom007414,N0.HOG0007314
Mdomes,Mdom007635,N0.HOG0006426
Mdomes,Mdom007704,N0.HOG0006679
Mdomes,Mdom007804,N0.HOG0003426
Mdomes,Mdom007871,N0.HOG0007156
Mdomes,Mdom008013,N0.HOG0006594
Mdomes,Mdom008029,N0.HOG0007517
Mdomes,Mdom008393,N0.HOG0007012
Mdomes,Mdom008406,N0.HOG0007063
Mdomes,Mdom008426,N0.HOG0008097
Mdomes,Mdom008551,N0.HOG0006844
Mdomes,Mdom008598,N0.HOG0006377
Mdomes,Mdom008603,N0.HOG0005948
Mdomes,Mdom008679,N0.HOG0007817
Mdomes,Mdom008702,N0.HOG0006168
Mdomes,Mdom008759,N0.HOG0007224
Mdomes,Mdom008786,N0.HOG0007638
Mdomes,Mdom008800,N0.HOG0008054
Mdomes,Mdom008824,N0.HOG0007487
Mdomes,Mdom009027,N0.HOG0007031
Mdomes,Mdom009036,N0.HOG0006410
Mdomes,Mdom009101,N0.HOG0008561
Mdomes,Mdom009312,N0.HOG0007283
Mdomes,Mdom009328,N0.HOG0006278
Mdomes,Mdom009444,N0.HOG0006756
Mdomes,Mdom009539,N0.HOG0006943
Mdomes,Mdom009596,N0.HOG0008365
Mdomes,Mdom009636,N0.HOG0007112
Mdomes,Mdom009689,N0.HOG0006061
Mdomes,Mdom009960,N0.HOG0007674
Mdomes,Mdom010033,N0.HOG0007633
Mdomes,Mdom010056,N0.HOG0008295
Mdomes,Mdom010159,N0.HOG0007128
Mdomes,Mdom010162,N0.HOG0008412
Mdomes,Mdom010230,N0.HOG0007270
Mdomes,Mdom010306,N0.HOG0006352
Mdomes,Mdom010338,N0.HOG0003973
Mdomes,Mdom010427,N0.HOG0006927
Mdomes,Mdom010564,N0.HOG0006183
Mdomes,Mdom010589,N0.HOG0008986
Mdomes,Mdom010733,N0.HOG0007798
Mdomes,Mdom010734,N0.HOG0006181
Mdomes,Mdom010745,N0.HOG0006868
Mdomes,Mdom010853,N0.HOG0006897
Mdomes,Mdom011019,N0.HOG0006550
Mdomes,Mdom011076,N0.HOG0005281
Mdomes,Mdom011128,N0.HOG0008215
Mdomes,Mdom011145,N0.HOG0007651
Mdomes,Mdom011168,N0.HOG0007786
Mdomes,Mdom011353,N0.HOG0007824
Mdomes,Mdom011377,N0.HOG0006065
Mdomes,Mdom011554,N0.HOG0007531
Mdomes,Mdom011765,N0.HOG0004320
Mdomes,Mdom011833,N0.HOG0007001
Mdomes,Mdom011866,N0.HOG0007719
Mdomes,Mdom011946,N0.HOG0006695
Mdomes,Mdom011987,N0.HOG0007453
Mdomes,Mdom012215,N0.HOG0000850
Mdomes,Mdom012298,N0.HOG0006837
Mdomes,Mdom012313,N0.HOG0007654
Mdomes,Mdom012389,N0.HOG0007879
Mdomes,Mdom012494,N0.HOG0007767
Mdomes,Mdom012557,N0.HOG0002066
Mdomes,Mdom012673,N0.HOG0007287
Mdomes,Mdom012686,N0.HOG0008878
Mdomes,Mdom012813,N0.HOG0007426
Mdomes,Mdom012924,N0.HOG0007920
Mdomes,Mdom012961,N0.HOG0007715
Mdomes,Mdom013072,N0.HOG0006198
Mdomes,Mdom013098,N0.HOG0007296
Mdomes,Mdom013217,N0.HOG0006652
Mdomes,Mdom013265,N0.HOG0007484
Mdomes,Mdom013374,N0.HOG0007833
Mdomes,Mdom013467,N0.HOG0007748
Mdomes,Mdom013493,N0.HOG0007268
Mdomes,Mdom013561,N0.HOG0007982
Mdomes,Mdom013594,N0.HOG0006781
Mdomes,Mdom013729,N0.HOG0006796
Mdomes,Mdom013788,N0.HOG0008056
Mdomes,Mdom013891,N0.HOG0006541
Mdomes,Mdom013895,N0.HOG0006049
Mdomes,Mdom013968,N0.HOG0004554
Mdomes,Mdom014027,N0.HOG0006503
Mdomes,Mdom014141,N0.HOG0007527
Mdomes,Mdom014149,N0.HOG0007741
Pakamu,Paka000263,N0.HOG0002066
Pakamu,Paka000279,N0.HOG0008003
Pakamu,Paka000345,N0.HOG0006927
Pakamu,Paka000363,N0.HOG0006353
Pakamu,Paka000456,N0.HOG0005228
Pakamu,Paka000477,N0.HOG0006602
Pakamu,Paka000505,N0.HOG0007012
Pakamu,Paka000538,N0.HOG0007001
Pakamu,Paka000557,N0.HOG0006541
Pakamu,Paka000626,N0.HOG0008986
Pakamu,Paka000646,N0.HOG0007786
Pakamu,Paka000652,N0.HOG0001410
Pakamu,Paka000698,N0.HOG0006369
Pakamu,Paka000932,N0.HOG0007769
Pakamu,Paka001125,N0.HOG0006235
Pakamu,Paka001174,N0.HOG0007767
Pakamu,Paka001331,N0.HOG0007269
Pakamu,Paka001378,N0.HOG0007770
Pakamu,Paka001544,N0.HOG0007638
Pakamu,Paka001699,N0.HOG0007110
Pakamu,Paka001728,N0.HOG0007426
Pakamu,Paka001730,N0.HOG0006868
Pakamu,Paka001739,N0.HOG0007715
Pakamu,Paka001787,N0.HOG0008210
Pakamu,Paka001858,N0.HOG0006310
Pakamu,Paka001926,N0.HOG0004913
Pakamu,Paka002087,N0.HOG0006454
Pakamu,Paka002136,N0.HOG0005878
Pakamu,Paka002363,N0.HOG0004708
Pakamu,Paka002393,N0.HOG0007181
Pakamu,Paka002619,N0.HOG0009075
Pakamu,Paka002677,N0.HOG0006375
Pakamu,Paka002710,N0.HOG0007314
Pakamu,Paka002853,N0.HOG0006679
Pakamu,Paka002939,N0.HOG0004640
Pakamu,Paka003088,N0.HOG0007710
Pakamu,Paka003168,N0.HOG0005968
Pakamu,Paka003180,N0.HOG0006652
Pakamu,Paka003264,N0.HOG0008077
Pakamu,Paka003448,N0.HOG0006796
Pakamu,Paka003511,N0.HOG0007833
Pakamu,Paka003542,N0.HOG0008035
Pakamu,Paka003877,N0.HOG0007583
Pakamu,Paka003878,N0.HOG0007741
Pakamu,Paka003923,N0.HOG0006678
Pakamu,Paka003967,N0.HOG0008055
Pakamu,Paka004019,N0.HOG0006550
Pakamu,Paka004272,N0.HOG0007517
Pakamu,Paka004355,N0.HOG0006844
Pakamu,Paka004417,N0.HOG0006503
Pakamu,Paka004433,N0.HOG0007527
Pakamu,Paka004449,N0.HOG0006943
Pakamu,Paka004464,N0.HOG0006278
Pakamu,Paka004644,N0.HOG0007232
Pakamu,Paka004780,N0.HOG0008097
Pakamu,Paka004836,N0.HOG0006613
Pakamu,Paka004918,N0.HOG0007920
Pakamu,Paka005004,N0.HOG0006781
Pakamu,Paka005072,N0.HOG0007270
Pakamu,Paka005083,N0.HOG0007283
Pakamu,Paka005144,N0.HOG0006168
Pakamu,Paka005148,N0.HOG0006119
Pakamu,Paka005223,N0.HOG0008365
Pakamu,Paka005238,N0.HOG0008215
Pakamu,Paka005297,N0.HOG0007484
Pakamu,Paka005362,N0.HOG0004320
Pakamu,Paka005432,N0.HOG0007639
Pakamu,Paka005487,N0.HOG0007531
Pakamu,Paka005564,N0.HOG0006808
Pakamu,Paka005586,N0.HOG0007674
Pakamu,Paka005685,N0.HOG0006634
Pakamu,Paka005687,N0.HOG0006365
Pakamu,Paka005754,N0.HOG0007156
Pakamu,Paka006046,N0.HOG0006410
Pakamu,Paka006091,N0.HOG0007112
Pakamu,Paka006168,N0.HOG0006756
Pakamu,Paka006362,N0.HOG0007719
Pakamu,Paka006562,N0.HOG0006601
Pakamu,Paka006615,N0.HOG0007844
Pakamu,Paka006719,N0.HOG0006837
Pakamu,Paka006774,N0.HOG0006058
Pakamu,Paka006825,N0.HOG0007031
Pakamu,Paka006868,N0.HOG0008295
Pakamu,Paka006896,N0.HOG0008067
Pakamu,Paka006995,N0.HOG0006313
Pakamu,Paka007126,N0.HOG0006923
Pakamu,Paka007286,N0.HOG0006472
Pakamu,Paka007334,N0.HOG0007748
Pakamu,Paka007444,N0.HOG0008883
Pakamu,Paka007478,N0.HOG0007891
Pakamu,Paka007552,N0.HOG0001005
Pakamu,Paka007649,N0.HOG0003426
Pakamu,Paka007718,N0.HOG0007224
Pakamu,Paka007953,N0.HOG0000264
Pakamu,Paka008011,N0.HOG0006038
Pakamu,Paka008018,N0.HOG0008312
Pakamu,Paka008135,N0.HOG0007651
Pakamu,Paka008202,N0.HOG0006183
Pakamu,Paka008308,N0.HOG0008054
Pakamu,Paka008333,N0.HOG0006733
Pakamu,Paka008390,N0.HOG0006049
Pakamu,Paka008418,N0.HOG0006854
Pakamu,Paka008423,N0.HOG0008878
Pakamu,Paka008524,N0.HOG0007817
Pakamu,Paka008556,N0.HOG0007063
Pakamu,Paka008620,N0.HOG0006686
Pakamu,Paka008898,N0.HOG0008563
Pakamu,Paka009022,N0.HOG0006316
Pakamu,Paka009116,N0.HOG0006426
Pakamu,Paka009175,N0.HOG0007986
Pakamu,Paka009222,N0.HOG0006061
Pakamu,Paka009228,N0.HOG0006378
Pakamu,Paka009285,N0.HOG0007798
Pakamu,Paka009552,N0.HOG0007287
Pakamu,Paka009562,N0.HOG0006154
Pakamu,Paka009684,N0.HOG0001006
Pakamu,Paka009801,N0.HOG0006380
Pakamu,Paka009907,N0.HOG0006546
Pakamu,Paka010042,N0.HOG0008561
Pakamu,Paka010170,N0.HOG0006377
Pakamu,Paka010247,N0.HOG0007453
Pakamu,Paka010252,N0.HOG0005948
Pakamu,Paka010286,N0.HOG0006890
Pakamu,Paka010603,N0.HOG0006181
Pakamu,Paka010692,N0.HOG0007420
Pakamu,Paka010743,N0.HOG0006897
Pakamu,Paka010819,N0.HOG0005743
Pakamu,Paka010827,N0.HOG0007435
Pakamu,Paka011248,N0.HOG0007982
Pakamu,Paka011370,N0.HOG0007058
Pakamu,Paka011526,N0.HOG0000326
Pakamu,Paka011634,N0.HOG0007394
Pakamu,Paka011708,N0.HOG0006163
Pakamu,Paka011761,N0.HOG0006444
Pakamu,Paka011797,N0.HOG0007128
Pakamu,Paka011828,N0.HOG0006594
Pakamu,Paka011872,N0.HOG0000850
Pakamu,Paka011909,N0.HOG0005362
Pakamu,Paka011995,N0.HOG0008334
Pakamu,Paka011996,N0.HOG0006352
Pakamu,Paka012415,N0.HOG0006790
Pakamu,Paka012443,N0.HOG0008412
Pakamu,Paka012469,N0.HOG0007268
Pakamu,Paka012481,N0.HOG0006889
Pakamu,Paka012556,N0.HOG0006065
Pakamu,Paka012569,N0.HOG0008056
Pakamu,Paka012580,N0.HOG0004554
Pakamu,Paka012761,N0.HOG0004041
Pakamu,Paka012784,N0.HOG0007350
Pakamu,Paka012869,N0.HOG0008042
Pakamu,Paka013012,N0.HOG0007296
Pakamu,Paka013106,N0.HOG0007654
Pakamu,Paka013197,N0.HOG0006198
Pakamu,Paka013221,N0.HOG0007106
Pakamu,Paka013247,N0.HOG0007872
Pakamu,Paka013248,N0.HOG0007718
Pakamu,Paka013296,N0.HOG0006695
Pakamu,Paka013334,N0.HOG0007487
Pakamu,Paka013338,N0.HOG0001080
Pakamu,Paka013371,N0.HOG0007399
Pakamu,Paka013525,N0.HOG0007008
Pakamu,Paka013597,N0.HOG0007879
Pakamu,Paka013650,N0.HOG0004740
Pakamu,Paka013663,N0.HOG0007730
Pakamu,Paka013700,N0.HOG0007824
Pakamu,Paka013734,N0.HOG0007160
Pakamu,Paka013747,N0.HOG0007967
Pakamu,Paka013818,N0.HOG0007201
Pakamu,Paka013895,N0.HOG0003973
Pakamu,Paka013933,N0.HOG0006465
Pakamu,Paka014102,N0.HOG0006016
Pakamu,Paka014114,N0.HOG0005281
Pakamu,Paka014399,N0.HOG0007784
Pakamu,Paka014441,N0.HOG0007633
Pakamu,Paka014443,N0.HOG0007545
Ppemba,Ppem000174,N0.HOG0006235
Ppemba,Ppem000178,N0.HOG0006733
Ppemba,Ppem000488,N0.HOG0008412
Ppemba,Ppem000590,N0.HOG0008035
Ppemba,Ppem000662,N0.HOG0007639
Ppemba,Ppem000782,N0.HOG0008878
Ppemba,Ppem000788,N0.HOG0006854
Ppemba,Ppem000816,N0.HOG0000264
Ppemba,Ppem000929,N0.HOG0007833
Ppemba,Ppem000947,N0.HOG0006695
Ppemba,Ppem001044,N0.HOG0008365
Ppemba,Ppem001531,N0.HOG0006472
Ppemba,Ppem001633,N0.HOG0008210
Ppemba,Ppem001729,N0.HOG0006796
Ppemba,Ppem001772,N0.HOG0007741
Ppemba,Ppem001773,N0.HOG0007583
Ppemba,Ppem001828,N0.HOG0006378
Ppemba,Ppem001893,N0.HOG0008561
Ppemba,Ppem001922,N0.HOG0000326
Ppemba,Ppem001995,N0.HOG0006426
Ppemba,Ppem002024,N0.HOG0007001
Ppemba,Ppem002039,N0.HOG0007012
Ppemba,Ppem002075,N0.HOG0007654
Ppemba,Ppem002188,N0.HOG0008077
Ppemba,Ppem002346,N0.HOG0007031
Ppemba,Ppem002363,N0.HOG0006541
Ppemba,Ppem002439,N0.HOG0008295
Ppemba,Ppem002446,N0.HOG0006058
Ppemba,Ppem002734,N0.HOG0007287
Ppemba,Ppem002839,N0.HOG0007484
Ppemba,Ppem002853,N0.HOG0006377
Ppemba,Ppem002921,N0.HOG0006678
Ppemba,Ppem002949,N0.HOG0005281
Ppemba,Ppem003123,N0.HOG0007296
Ppemba,Ppem003157,N0.HOG0006465
Ppemba,Ppem003371,N0.HOG0006602
Ppemba,Ppem003433,N0.HOG0006601
Ppemba,Ppem003458,N0.HOG0006061
Ppemba,Ppem003502,N0.HOG0006313
Ppemba,Ppem003529,N0.HOG0004640
Ppemba,Ppem003670,N0.HOG0006837
Ppemba,Ppem003833,N0.HOG0004740
Ppemba,Ppem003853,N0.HOG0008003
Ppemba,Ppem004149,N0.HOG0007719
Ppemba,Ppem004225,N0.HOG0008097
Ppemba,Ppem004662,N0.HOG0007283
Ppemba,Ppem004759,N0.HOG0008883
Ppemba,Ppem004800,N0.HOG0007633
Ppemba,Ppem004812,N0.HOG0007872
Ppemba,Ppem004813,N0.HOG0007718
Ppemba,Ppem004821,N0.HOG0007817
Ppemba,Ppem004865,N0.HOG0007767
Ppemba,Ppem004871,N0.HOG0007110
Ppemba,Ppem005062,N0.HOG0006550
Ppemba,Ppem005069,N0.HOG0005968
Ppemba,Ppem005213,N0.HOG0007798
Ppemba,Ppem005312,N0.HOG0007674
Ppemba,Ppem005357,N0.HOG0006375
Ppemba,Ppem005375,N0.HOG0007314
Ppemba,Ppem005378,N0.HOG0007638
Ppemba,Ppem005414,N0.HOG0007986
Ppemba,Ppem005844,N0.HOG0001006
Ppemba,Ppem005854,N0.HOG0006352
Ppemba,Ppem005979,N0.HOG0007517
Ppemba,Ppem006014,N0.HOG0006679
Ppemba,Ppem006056,N0.HOG0005948
Ppemba,Ppem006135,N0.HOG0004320
Ppemba,Ppem006141,N0.HOG0006890
Ppemba,Ppem006170,N0.HOG0007879
Ppemba,Ppem006202,N0.HOG0006889
Ppemba,Ppem006353,N0.HOG0008042
Ppemba,Ppem006385,N0.HOG0007920
Ppemba,Ppem006408,N0.HOG0006038
Ppemba,Ppem006426,N0.HOG0007058
Ppemba,Ppem006620,N0.HOG0007426
Ppemba,Ppem006797,N0.HOG0004708
Ppemba,Ppem006870,N0.HOG0007106
Ppemba,Ppem006969,N0.HOG0008334
Ppemba,Ppem007142,N0.HOG0003426
Ppemba,Ppem007185,N0.HOG0006927
Ppemba,Ppem007350,N0.HOG0007201
Ppemba,Ppem007386,N0.HOG0007063
Ppemba,Ppem007391,N0.HOG0005743
Ppemba,Ppem007466,N0.HOG0007268
Ppemba,Ppem007671,N0.HOG0008312
Ppemba,Ppem007992,N0.HOG0007112
Ppemba,Ppem008253,N0.HOG0006016
Ppemba,Ppem008368,N0.HOG0007435
Ppemba,Ppem008449,N0.HOG0007453
Ppemba,Ppem008942,N0.HOG0006183
Ppemba,Ppem009185,N0.HOG0006316
Ppemba,Ppem009188,N0.HOG0006049
Ppemba,Ppem009513,N0.HOG0006943
Ppemba,Ppem009576,N0.HOG0006365
Ppemba,Ppem009688,N0.HOG0005228
Ppemba,Ppem009712,N0.HOG0006444
Ppemba,Ppem009724,N0.HOG0007786
Ppemba,Ppem009876,N0.HOG0006546
Ppemba,Ppem009881,N0.HOG0008055
Ppemba,Ppem010062,N0.HOG0006652
Ppemba,Ppem010170,N0.HOG0007156
Ppemba,Ppem010193,N0.HOG0007651
Ppemba,Ppem010251,N0.HOG0008563
Ppemba,Ppem010271,N0.HOG0006756
Ppemba,Ppem010304,N0.HOG0004913
Ppemba,Ppem010388,N0.HOG0006686
Ppemba,Ppem010389,N0.HOG0007420
Ppemba,Ppem010868,N0.HOG0008056
Ppemba,Ppem011125,N0.HOG0005362
Ppemba,Ppem011171,N0.HOG0007350
Ppemba,Ppem011324,N0.HOG0006369
Ppemba,Ppem011609,N0.HOG0007715
Ppemba,Ppem011649,N0.HOG0006065
Ppemba,Ppem011653,N0.HOG0006154
Ppemba,Ppem011723,N0.HOG0006454
Ppemba,Ppem011975,N0.HOG0007399
Ppemba,Ppem011980,N0.HOG0002066
Ppemba,Ppem012007,N0.HOG0007270
Ppemba,Ppem012185,N0.HOG0007710
Ppemba,Ppem012237,N0.HOG0006897
Ppemba,Ppem012456,N0.HOG0006844
Ppemba,Ppem012543,N0.HOG0006808
Ppemba,Ppem012545,N0.HOG0008067
Ppemba,Ppem012626,N0.HOG0007545
Ppemba,Ppem012809,N0.HOG0006410
Ppemba,Ppem012831,N0.HOG0007224
Ppemba,Ppem012869,N0.HOG0008054
Ppemba,Ppem012907,N0.HOG0006923
Ppemba,Ppem012954,N0.HOG0007967
Ppemba,Ppem013089,N0.HOG0006781
Ppemba,Ppem013110,N0.HOG0007394
Ppemba,Ppem013122,N0.HOG0007527
Ppemba,Ppem013132,N0.HOG0007769
Ppemba,Ppem013151,N0.HOG0007784
Ppemba,Ppem013187,N0.HOG0006503
Ppemba,Ppem013277,N0.HOG0007982
Ppemba,Ppem013405,N0.HOG0007531
Ppemba,Ppem013452,N0.HOG0007008
Ppemba,Ppem013473,N0.HOG0001410
Ppemba,Ppem013686,N0.HOG0007128
Ppemba,Ppem013802,N0.HOG0004041
Ppemba,Ppem013818,N0.HOG0007730
Ppemba,Ppem013866,N0.HOG0006119
Ppemba,Ppem013993,N0.HOG0006790
Ppemba,Ppem014009,N0.HOG0003973
Ppemba,Ppem014027,N0.HOG0006198
Ppemba,Ppem014145,N0.HOG0006278
Ppemba,Ppem014236,N0.HOG0007748
Ppemba,Ppem014310,N0.HOG0006868
Ppemba,Ppem014368,N0.HOG0007181
Ppemba,Ppem014504,N0.HOG0006353
Ppemba,Ppem014512,N0.HOG0007844
Ppemba,Ppem014589,N0.HOG0006181
Ppemba,Ppem014873,N0.HOG0007891
Ppemba,Ppem015347,N0.HOG0006163
Ppemba,Ppem015595,N0.HOG0000850
Ppemba,Ppem015661,N0.HOG0006634
Ppemba,Ppem015812,N0.HOG0006613
Ppemba,Ppem015836,N0.HOG0007770
Ppemba,Ppem015881,N0.HOG0007160
Ppemba,Ppem015965,N0.HOG0005878
Ppemba,Ppem016069,N0.HOG0004554
Ppemba,Ppem016082,N0.HOG0008986
Ppemba,Ppem016105,N0.HOG0007824
Ppemba,Ppem016131,N0.HOG0007232
Ppemba,Ppem016217,N0.HOG0006594
Ppemba,Ppem016233,N0.HOG0007269
Ppemba,Ppem016460,N0.HOG0006310
Ppemba,Ppem016591,N0.HOG0001080
Ppemba,Ppem016594,N0.HOG0007487
Ppemba,Ppem016874,N0.HOG0006380
Ppemba,Ppem016929,N0.HOG0001005
Ppemba,Ppem017062,N0.HOG0006168
Ppemba,Ppem017144,N0.HOG0009075
Ppemba,Ppem017295,N0.HOG0008215
Pstein,CONTIG14-_anno1.g16126,N0.HOG0008003
Pstein,CONTIG15+_anno1.g8226,N0.HOG0007633
Pstein,CONTIG15+_anno1.g8253,N0.HOG0006837
Pstein,CONTIG15-_anno1.g8191,N0.HOG0005228
Pstein,CONTIG19+_anno1.g13195,N0.HOG0006163
Pstein,CONTIG19-_anno1.g13381,N0.HOG0006454
Pstein,CONTIG19-_anno2.g12362,N0.HOG0006594
Pstein,CONTIG21+_anno1.g4081,N0.HOG0007531
Pstein,CONTIG21-_anno1.g4059,N0.HOG0006410
Pstein,CONTIG23+_anno1.g10008,N0.HOG0007232
Pstein,CONTIG23+_anno1.g10091,N0.HOG0007719
Pstein,CONTIG23+_anno1.g9993,N0.HOG0007769
Pstein,CONTIG27+_anno1.g9863,N0.HOG0008210
Pstein,CONTIG27+_anno1.g9943,N0.HOG0006375
Pstein,CONTIG27+_anno2.g7597,N0.HOG0007008
Pstein,CONTIG27-_anno1.g9889,N0.HOG0007967
Pstein,CONTIG28-_anno1.g5394,N0.HOG0007058
Pstein,CONTIG28-_anno1.g5516,N0.HOG0006756
Pstein,CONTIG30-_anno1.g3570,N0.HOG0006472
Pstein,CONTIG32+_anno1.g11557,N0.HOG0006426
Pstein,CONTIG32-_anno1.g11554,N0.HOG0007986
Pstein,CONTIG34+_anno1.g15032,N0.HOG0001005
Pstein,CONTIG34+_anno1.g15081,N0.HOG0006601
Pstein,CONTIG34+_anno2.g6076,N0.HOG0007031
Pstein,CONTIG34-_anno1.g15020,N0.HOG0006808
Pstein,CONTIG34-_anno1.g15027,N0.HOG0006444
Pstein,CONTIG35+_anno1.g8140,N0.HOG0000326
Pstein,CONTIG35-_anno1.g7953,N0.HOG0008215
Pstein,CONTIG35-_anno1.g7988,N0.HOG0008878
Pstein,CONTIG36+_anno1.g9675,N0.HOG0007639
Pstein,CONTIG36+_anno2.g14052,N0.HOG0007156
Pstein,CONTIG37-_anno1.g5191,N0.HOG0007798
Pstein,CONTIG38-_anno1.g3743,N0.HOG0006733
Pstein,CONTIG38-_anno1.g3879,N0.HOG0005362
Pstein,CONTIG39+_anno1.g15908,N0.HOG0004554
Pstein,CONTIG39+_anno1.g15921,N0.HOG0008334
Pstein,CONTIG39-_anno1.g15640,N0.HOG0006049
Pstein,CONTIG39-_anno1.g15758,N0.HOG0008056
Pstein,CONTIG40+_anno1.g12669,N0.HOG0007287
Pstein,CONTIG40+_anno1.g12779,N0.HOG0007453
Pstein,CONTIG40-_anno1.g12560,N0.HOG0008561
Pstein,CONTIG40-_anno1.g12578,N0.HOG0006183
Pstein,CONTIG40-_anno1.g12653,N0.HOG0006380
Pstein,CONTIG40-_anno1.g12704,N0.HOG0008312
Pstein,CONTIG41+_anno1.g3157,N0.HOG0004708
Pstein,CONTIG41+_anno1.g3262,N0.HOG0007110
Pstein,CONTIG41+_anno1.g3302,N0.HOG0006310
Pstein,CONTIG41-_anno1.g3423,N0.HOG0007394
Pstein,CONTIG41-_anno1.g3462,N0.HOG0005878
Pstein,CONTIG41-_anno1.g3506,N0.HOG0009075
Pstein,CONTIG42+_anno1.g15559,N0.HOG0008365
Pstein,CONTIG42-_anno1.g15416,N0.HOG0007891
Pstein,CONTIG42-_anno1.g15522,N0.HOG0008883
Pstein,CONTIG43+_anno1.g1664,N0.HOG0006541
Pstein,CONTIG43+_anno1.g1832,N0.HOG0007651
Pstein,CONTIG43+_anno1.g1879,N0.HOG0006353
Pstein,CONTIG43-_anno1.g1757,N0.HOG0006602
Pstein,CONTIG44+_anno1.g14884,N0.HOG0007715
Pstein,CONTIG44+_anno2.g3923,N0.HOG0001080
Pstein,CONTIG44-_anno1.g14535,N0.HOG0007784
Pstein,CONTIG44-_anno1.g14582,N0.HOG0006868
Pstein,CONTIG44-_anno1.g14589,N0.HOG0007426
Pstein,CONTIG44-_anno1.g14600,N0.HOG0003973
Pstein,CONTIG45-_anno1.g7471,N0.HOG0007181
Pstein,CONTIG45-_anno1.g7744,N0.HOG0006927
Pstein,CONTIG45-_anno1.g7761,N0.HOG0007770
Pstein,CONTIG46+_anno1.g9385,N0.HOG0003426
Pstein,CONTIG46+_anno1.g9388,N0.HOG0007224
Pstein,CONTIG46+_anno1.g9519,N0.HOG0006235
Pstein,CONTIG46+_anno1.g9522,N0.HOG0006154
Pstein,CONTIG47+_anno1.g2324,N0.HOG0006377
Pstein,CONTIG47+_anno1.g2413,N0.HOG0004913
Pstein,CONTIG47+_anno1.g2416,N0.HOG0006854
Pstein,CONTIG47+_anno1.g2543,N0.HOG0006890
Pstein,CONTIG47+_anno1.g2815,N0.HOG0007982
Pstein,CONTIG47+_anno1.g2897,N0.HOG0006181
Pstein,CONTIG47-_anno1.g2540,N0.HOG0006061
Pstein,CONTIG47-_anno1.g2703,N0.HOG0007420
Pstein,CONTIG47-_anno1.g2857,N0.HOG0007817
Pstein,CONTIG47-_anno1.g2904,N0.HOG0001006
Pstein,CONTIG47-_anno2.g9690,N0.HOG0006378
Pstein,CONTIG48+_anno1.g336,N0.HOG0006278
Pstein,CONTIG48+_anno1.g413,N0.HOG0008077
Pstein,CONTIG48+_anno1.g445,N0.HOG0006781
Pstein,CONTIG48+_anno1.g452,N0.HOG0006796
Pstein,CONTIG48+_anno1.g470,N0.HOG0008067
Pstein,CONTIG48+_anno1.g733,N0.HOG0007283
Pstein,CONTIG48+_anno1.g98,N0.HOG0006652
Pstein,CONTIG48+_anno2.g10877,N0.HOG0008097
Pstein,CONTIG48-_anno1.g210,N0.HOG0006844
Pstein,CONTIG48-_anno1.g513,N0.HOG0007741
Pstein,CONTIG48-_anno1.g520,N0.HOG0007583
Pstein,CONTIG48-_anno1.g534,N0.HOG0006369
Pstein,CONTIG48-_anno1.g618,N0.HOG0006897
Pstein,CONTIG48-_anno1.g654,N0.HOG0007268
Pstein,CONTIG48-_anno1.g777,N0.HOG0007545
Pstein,CONTIG48-_anno1.g910,N0.HOG0006678
Pstein,CONTIG49+_anno1.g8448,N0.HOG0007517
Pstein,CONTIG49+_anno1.g8462,N0.HOG0007399
Pstein,CONTIG49+_anno1.g8846,N0.HOG0005968
Pstein,CONTIG49-_anno1.g8272,N0.HOG0008055
Pstein,CONTIG49-_anno1.g8336,N0.HOG0006613
Pstein,CONTIG49-_anno1.g8653,N0.HOG0004320
Pstein,CONTIG49-_anno2.g3649,N0.HOG0006503
Pstein,CONTIG50+_anno1.g1242,N0.HOG0007833
Pstein,CONTIG50+_anno1.g1433,N0.HOG0007270
Pstein,CONTIG50+_anno1.g1550,N0.HOG0006943
Pstein,CONTIG50-_anno1.g1006,N0.HOG0007527
Pstein,CONTIG50-_anno1.g1080,N0.HOG0006168
Pstein,CONTIG50-_anno1.g1082,N0.HOG0006119
Pstein,CONTIG50-_anno1.g1168,N0.HOG0007484
Pstein,CONTIG51+_anno1.g10685,N0.HOG0006316
Pstein,CONTIG51+_anno1.g10927,N0.HOG0008563
Pstein,CONTIG51+_anno1.g11293,N0.HOG0006352
Pstein,CONTIG51+_anno1.g11312,N0.HOG0008035
Pstein,CONTIG51-_anno1.g10481,N0.HOG0007063
Pstein,CONTIG51-_anno1.g10521,N0.HOG0005743
Pstein,CONTIG51-_anno1.g10694,N0.HOG0000264
Pstein,CONTIG51-_anno1.g10792,N0.HOG0007012
Pstein,CONTIG51-_anno1.g10825,N0.HOG0006038
Pstein,CONTIG51-_anno1.g10846,N0.HOG0006686
Pstein,CONTIG51-_anno1.g11057,N0.HOG0005948
Pstein,CONTIG51-_anno1.g11099,N0.HOG0006546
Pstein,CONTIG51-_anno1.g11361,N0.HOG0007435
Pstein,CONTIG52+_anno1.g4211,N0.HOG0007718
Pstein,CONTIG52+_anno1.g4258,N0.HOG0007879
Pstein,CONTIG52+_anno1.g4325,N0.HOG0007920
Pstein,CONTIG52+_anno1.g4508,N0.HOG0008042
Pstein,CONTIG52+_anno1.g4749,N0.HOG0007296
Pstein,CONTIG52+_anno1.g4896,N0.HOG0006695
Pstein,CONTIG52-_anno1.g4133,N0.HOG0007001
Pstein,CONTIG52-_anno1.g4210,N0.HOG0007872
Pstein,CONTIG52-_anno1.g4221,N0.HOG0007350
Pstein,CONTIG52-_anno1.g4346,N0.HOG0008986
Pstein,CONTIG52-_anno1.g4436,N0.HOG0007654
Pstein,CONTIG52-_anno1.g4443,N0.HOG0006889
Pstein,CONTIG52-_anno1.g4927,N0.HOG0004041
Pstein,CONTIG52-_anno2.g2350,N0.HOG0001410
Pstein,CONTIG53+_anno1.g13467,N0.HOG0006550
Pstein,CONTIG53+_anno1.g13998,N0.HOG0006058
Pstein,CONTIG53+_anno1.g14003,N0.HOG0006923
Pstein,CONTIG53+_anno1.g14044,N0.HOG0007112
Pstein,CONTIG53+_anno1.g14101,N0.HOG0006365
Pstein,CONTIG53+_anno1.g14103,N0.HOG0006634
Pstein,CONTIG53+_anno1.g14363,N0.HOG0007674
Pstein,CONTIG53+_anno2.g4420,N0.HOG0007748
Pstein,CONTIG53-_anno1.g14274,N0.HOG0006313
Pstein,CONTIG53-_anno1.g14474,N0.HOG0008295
Pstein,CONTIG54+_anno1.g11747,N0.HOG0007710
Pstein,CONTIG54+_anno1.g11754,N0.HOG0007767
Pstein,CONTIG54+_anno1.g11910,N0.HOG0002066
Pstein,CONTIG54+_anno1.g12216,N0.HOG0007269
Pstein,CONTIG54-_anno1.g11764,N0.HOG0007786
Pstein,CONTIG54-_anno1.g12129,N0.HOG0007844
Pstein,CONTIG55+_anno1.g6201,N0.HOG0007128
Pstein,CONTIG55+_anno1.g6202,N0.HOG0007487
Pstein,CONTIG55+_anno1.g6242,N0.HOG0004640
Pstein,CONTIG55+_anno1.g6267,N0.HOG0007314
Pstein,CONTIG55+_anno1.g6308,N0.HOG0004740
Pstein,CONTIG55+_anno1.g6395,N0.HOG0007638
Pstein,CONTIG55+_anno1.g6400,N0.HOG0006679
Pstein,CONTIG55+_anno1.g6426,N0.HOG0008412
Pstein,CONTIG55+_anno1.g6817,N0.HOG0008054
Pstein,CONTIG55+_anno1.g6867,N0.HOG0006065
Pstein,CONTIG55+_anno1.g6882,N0.HOG0005281
Pstein,CONTIG55+_anno1.g6920,N0.HOG0006016
Pstein,CONTIG55+_anno2.g1259,N0.HOG0007160
Pstein,CONTIG55-_anno1.g6045,N0.HOG0007824
Pstein,CONTIG55-_anno1.g6335,N0.HOG0007730
Pstein,CONTIG55-_anno1.g6372,N0.HOG0007201
Pstein,CONTIG55-_anno1.g6515,N0.HOG0006465
Pstein,CONTIG55-_anno1.g6959,N0.HOG0006198
Pstein,CONTIG55-_anno1.g7326,N0.HOG0006790
Pstein,CONTIG55-_anno2.g1222,N0.HOG0000850
Pstein,CONTIG55-_anno2.g1518,N0.HOG0007106
Pvande,Pvan000137,N0.HOG0006837
Pvande,Pvan000184,N0.HOG0006503
Pvande,Pvan000196,N0.HOG0006313
Pvande,Pvan000201,N0.HOG0007583
Pvande,Pvan000211,N0.HOG0008215
Pvande,Pvan000247,N0.HOG0008365
Pvande,Pvan000302,N0.HOG0008561
Pvande,Pvan000490,N0.HOG0007741
Pvande,Pvan000519,N0.HOG0006410
Pvande,Pvan000607,N0.HOG0006365
Pvande,Pvan001087,N0.HOG0007531
Pvande,Pvan001570,N0.HOG0007270
Pvande,Pvan001572,N0.HOG0006594
Pvande,Pvan001634,N0.HOG0007232
Pvande,Pvan001729,N0.HOG0006923
Pvande,Pvan001762,N0.HOG0006634
Pvande,Pvan001780,N0.HOG0004320
Pvande,Pvan002131,N0.HOG0006756
Pvande,Pvan002253,N0.HOG0007920
Pvande,Pvan002314,N0.HOG0006678
Pvande,Pvan002402,N0.HOG0007748
Pvande,Pvan002422,N0.HOG0006808
Pvande,Pvan002443,N0.HOG0007833
Pvande,Pvan002473,N0.HOG0006796
Pvande,Pvan002549,N0.HOG0007527
Pvande,Pvan002758,N0.HOG0007710
Pvande,Pvan002943,N0.HOG0005968
Pvande,Pvan002996,N0.HOG0008035
Pvande,Pvan002999,N0.HOG0006652
Pvande,Pvan003003,N0.HOG0007112
Pvande,Pvan003084,N0.HOG0007719
Pvande,Pvan003179,N0.HOG0007639
Pvande,Pvan003238,N0.HOG0006472
Pvande,Pvan003484,N0.HOG0008077
Pvande,Pvan003622,N0.HOG0006844
Pvande,Pvan003650,N0.HOG0008055
Pvande,Pvan003722,N0.HOG0006613
Pvande,Pvan003754,N0.HOG0006943
Pvande,Pvan003759,N0.HOG0008295
Pvande,Pvan003825,N0.HOG0007517
Pvande,Pvan003987,N0.HOG0006058
Pvande,Pvan004120,N0.HOG0008883
Pvande,Pvan004151,N0.HOG0007156
Pvande,Pvan004178,N0.HOG0006119
Pvande,Pvan004251,N0.HOG0007484
Pvande,Pvan004285,N0.HOG0008067
Pvande,Pvan004318,N0.HOG0007283
Pvande,Pvan004496,N0.HOG0007891
Pvande,Pvan004537,N0.HOG0006781
Pvande,Pvan004545,N0.HOG0006897
Pvande,Pvan004695,N0.HOG0001005
Pvande,Pvan004738,N0.HOG0006278
Pvande,Pvan004779,N0.HOG0007674
Pvande,Pvan004816,N0.HOG0006168
Pvande,Pvan004849,N0.HOG0006550
Pvande,Pvan005008,N0.HOG0007798
Pvande,Pvan005088,N0.HOG0006377
Pvande,Pvan005188,N0.HOG0001006
Pvande,Pvan005312,N0.HOG0007817
Pvande,Pvan005316,N0.HOG0007287
Pvande,Pvan005471,N0.HOG0006352
Pvande,Pvan005480,N0.HOG0006380
Pvande,Pvan005649,N0.HOG0006378
Pvande,Pvan005683,N0.HOG0007224
Pvande,Pvan005917,N0.HOG0005362
Pvande,Pvan005990,N0.HOG0008054
Pvande,Pvan006030,N0.HOG0007063
Pvande,Pvan006151,N0.HOG0006854
Pvande,Pvan006188,N0.HOG0006049
Pvande,Pvan006228,N0.HOG0007031
Pvande,Pvan006240,N0.HOG0008563
Pvande,Pvan006253,N0.HOG0007654
Pvande,Pvan006255,N0.HOG0006733
Pvande,Pvan006346,N0.HOG0006181
Pvande,Pvan006412,N0.HOG0006061
Pvande,Pvan006477,N0.HOG0008312
Pvande,Pvan006508,N0.HOG0006890
Pvande,Pvan006688,N0.HOG0006426
Pvande,Pvan006850,N0.HOG0007420
Pvande,Pvan006863,N0.HOG0005743
Pvande,Pvan006872,N0.HOG0000264
Pvande,Pvan007143,N0.HOG0007982
Pvande,Pvan007152,N0.HOG0003426
Pvande,Pvan007314,N0.HOG0007651
Pvande,Pvan007408,N0.HOG0000326
Pvande,Pvan007415,N0.HOG0006546
Pvande,Pvan007422,N0.HOG0008878
Pvande,Pvan007540,N0.HOG0006038
Pvande,Pvan007576,N0.HOG0008334
Pvande,Pvan007766,N0.HOG0006154
Pvande,Pvan007787,N0.HOG0007986
Pvande,Pvan007811,N0.HOG0007435
Pvande,Pvan007854,N0.HOG0006686
Pvande,Pvan008195,N0.HOG0005948
Pvande,Pvan008269,N0.HOG0006601
Pvande,Pvan008527,N0.HOG0006316
Pvande,Pvan008653,N0.HOG0007453
Pvande,Pvan009036,N0.HOG0006183
Pvande,Pvan009118,N0.HOG0007399
Pvande,Pvan009217,N0.HOG0002066
Pvande,Pvan009304,N0.HOG0006927
Pvande,Pvan009436,N0.HOG0007824
Pvande,Pvan009483,N0.HOG0006465
Pvande,Pvan009545,N0.HOG0007160
Pvande,Pvan009637,N0.HOG0007633
Pvande,Pvan009654,N0.HOG0004554
Pvande,Pvan009763,N0.HOG0007784
Pvande,Pvan009860,N0.HOG0007545
Pvande,Pvan010027,N0.HOG0006375
Pvande,Pvan010093,N0.HOG0008042
Pvande,Pvan010281,N0.HOG0006198
Pvande,Pvan010283,N0.HOG0005878
Pvande,Pvan010291,N0.HOG0005281
Pvande,Pvan010298,N0.HOG0006541
Pvande,Pvan010391,N0.HOG0007268
Pvande,Pvan010588,N0.HOG0006369
Pvande,Pvan010676,N0.HOG0009075
Pvande,Pvan010734,N0.HOG0008986
Pvande,Pvan010833,N0.HOG0007879
Pvande,Pvan010957,N0.HOG0004708
Pvande,Pvan010960,N0.HOG0007767
Pvande,Pvan011071,N0.HOG0006679
Pvande,Pvan011128,N0.HOG0007296
Pvande,Pvan011267,N0.HOG0008097
Pvande,Pvan011302,N0.HOG0007769
Pvande,Pvan011347,N0.HOG0006065
Pvande,Pvan011357,N0.HOG0007715
Pvande,Pvan011460,N0.HOG0007128
Pvande,Pvan011473,N0.HOG0007770
Pvande,Pvan011540,N0.HOG0008210
Pvande,Pvan011608,N0.HOG0006353
Pvande,Pvan011680,N0.HOG0006602
Pvande,Pvan011684,N0.HOG0001410
Pvande,Pvan011732,N0.HOG0007967
Pvande,Pvan011949,N0.HOG0007201
Pvande,Pvan011957,N0.HOG0007106
Pvande,Pvan012104,N0.HOG0007730
Pvande,Pvan012133,N0.HOG0006868
Pvande,Pvan012139,N0.HOG0007426
Pvande,Pvan012149,N0.HOG0003973
Pvande,Pvan012171,N0.HOG0007844
Pvande,Pvan012181,N0.HOG0006235
Pvande,Pvan012373,N0.HOG0007872
Pvande,Pvan012385,N0.HOG0005228
Pvande,Pvan012714,N0.HOG0008412
Pvande,Pvan012809,N0.HOG0007008
Pvande,Pvan012818,N0.HOG0007110
Pvande,Pvan012887,N0.HOG0006310
Pvande,Pvan013021,N0.HOG0001080
Pvande,Pvan013057,N0.HOG0007181
Pvande,Pvan013097,N0.HOG0004740
Pvande,Pvan013116,N0.HOG0008056
Pvande,Pvan013176,N0.HOG0006454
Pvande,Pvan013271,N0.HOG0007314
Pvande,Pvan013401,N0.HOG0007638
Pvande,Pvan013600,N0.HOG0008003
Pvande,Pvan013655,N0.HOG0006790
Pvande,Pvan013716,N0.HOG0007718
Pvande,Pvan013722,N0.HOG0004041
Pvande,Pvan013791,N0.HOG0007269
Pvande,Pvan013805,N0.HOG0006889
Pvande,Pvan013915,N0.HOG0004913
Pvande,Pvan013919,N0.HOG0004640
Pvande,Pvan013936,N0.HOG0007001
Pvande,Pvan014159,N0.HOG0007487
Pvande,Pvan014281,N0.HOG0006695
Pvande,Pvan014525,N0.HOG0000850
Pvande,Pvan014749,N0.HOG0007786
Pvande,Pvan015120,N0.HOG0006163
Pvande,Pvan015567,N0.HOG0007058
Pvande,Pvan015774,N0.HOG0007350
Pvande,Pvan016104,N0.HOG0006444
Pvande,Pvan016423,N0.HOG0006016
Pvande,Pvan016428,N0.HOG0007394
Pvande,Pvan017163,N0.HOG0007012
Tgraci,CONTIG14-_anno1.g10728,N0.HOG0007350
Tgraci,CONTIG17+_anno1.g5107,N0.HOG0006890
Tgraci,CONTIG18-_anno1.g4193,N0.HOG0008003
Tgraci,CONTIG19+_anno2.g11405,N0.HOG0007031
Tgraci,CONTIG20-_anno1.g4959,N0.HOG0007012
Tgraci,CONTIG21+_anno1.g13989,N0.HOG0006444
Tgraci,CONTIG22+_anno1.g229,N0.HOG0006594
Tgraci,CONTIG23+_anno1.g5184,N0.HOG0006503
Tgraci,CONTIG23+_anno1.g5222,N0.HOG0007741
Tgraci,CONTIG23-_anno1.g5151,N0.HOG0006652
Tgraci,CONTIG23-_anno1.g5221,N0.HOG0007583
Tgraci,CONTIG26+_anno1.g4264,N0.HOG0007786
Tgraci,CONTIG26+_anno1.g4309,N0.HOG0005281
Tgraci,CONTIG26-_anno1.g4382,N0.HOG0006790
Tgraci,CONTIG28-_anno1.g10818,N0.HOG0006465
Tgraci,CONTIG29+_anno1.g3927,N0.HOG0007058
Tgraci,CONTIG29-_anno1.g3935,N0.HOG0000850
Tgraci,CONTIG31+_anno1.g3841,N0.HOG0007715
Tgraci,CONTIG31-_anno1.g3729,N0.HOG0007730
Tgraci,CONTIG31-_anno1.g3774,N0.HOG0008986
Tgraci,CONTIG31-_anno2.g9682,N0.HOG0007008
Tgraci,CONTIG32+_anno1.g286,N0.HOG0006198
Tgraci,CONTIG32+_anno1.g436,N0.HOG0007844
Tgraci,CONTIG32+_anno1.g631,N0.HOG0007110
Tgraci,CONTIG32+_anno1.g677,N0.HOG0002066
Tgraci,CONTIG32-_anno1.g317,N0.HOG0007268
Tgraci,CONTIG32-_anno1.g338,N0.HOG0004640
Tgraci,CONTIG32-_anno2.g14838,N0.HOG0007638
Tgraci,CONTIG33+_anno1.g14290,N0.HOG0004554
Tgraci,CONTIG33-_anno1.g14125,N0.HOG0007201
Tgraci,CONTIG33-_anno1.g14168,N0.HOG0006375
Tgraci,CONTIG35+_anno1.g11134,N0.HOG0007394
Tgraci,CONTIG35+_anno2.g10956,N0.HOG0006016
Tgraci,CONTIG36+_anno1.g11340,N0.HOG0008097
Tgraci,CONTIG36-_anno1.g11269,N0.HOG0007181
Tgraci,CONTIG36-_anno1.g11311,N0.HOG0007001
Tgraci,CONTIG36-_anno1.g11626,N0.HOG0005228
Tgraci,CONTIG36-_anno1.g11815,N0.HOG0006369
Tgraci,CONTIG36-_anno1.g11825,N0.HOG0009075
Tgraci,CONTIG36-_anno1.g11850,N0.HOG0006310
Tgraci,CONTIG36-_anno1.g11927,N0.HOG0007770
Tgraci,CONTIG36-_anno2.g4785,N0.HOG0006235
Tgraci,CONTIG37+_anno1.g1166,N0.HOG0008561
Tgraci,CONTIG37+_anno1.g1471,N0.HOG0006923
Tgraci,CONTIG37+_anno1.g1515,N0.HOG0007710
Tgraci,CONTIG37+_anno1.g1577,N0.HOG0004041
Tgraci,CONTIG37+_anno1.g1728,N0.HOG0007748
Tgraci,CONTIG37-_anno1.g1048,N0.HOG0006410
Tgraci,CONTIG37-_anno1.g1090,N0.HOG0008215
Tgraci,CONTIG37-_anno1.g1103,N0.HOG0006472
Tgraci,CONTIG37-_anno1.g1119,N0.HOG0006808
Tgraci,CONTIG37-_anno1.g1162,N0.HOG0007128
Tgraci,CONTIG37-_anno1.g1324,N0.HOG0006756
Tgraci,CONTIG37-_anno1.g1598,N0.HOG0001005
Tgraci,CONTIG37-_anno1.g1669,N0.HOG0007639
Tgraci,CONTIG37-_anno1.g761,N0.HOG0007232
Tgraci,CONTIG37-_anno1.g772,N0.HOG0006313
Tgraci,CONTIG37-_anno1.g821,N0.HOG0007719
Tgraci,CONTIG37-_anno1.g901,N0.HOG0008295
Tgraci,CONTIG37-_anno2.g5736,N0.HOG0006634
Tgraci,CONTIG37-_anno2.g6674,N0.HOG0007156
Tgraci,CONTIG38+_anno1.g7488,N0.HOG0006927
Tgraci,CONTIG38+_anno1.g7517,N0.HOG0008210
Tgraci,CONTIG38+_anno1.g7757,N0.HOG0004913
Tgraci,CONTIG38+_anno1.g7783,N0.HOG0006602
Tgraci,CONTIG38+_anno1.g7958,N0.HOG0005878
Tgraci,CONTIG38+_anno1.g8222,N0.HOG0006454
Tgraci,CONTIG38+_anno1.g8335,N0.HOG0004708
Tgraci,CONTIG38-_anno1.g7585,N0.HOG0006679
Tgraci,CONTIG38-_anno1.g8036,N0.HOG0006541
Tgraci,CONTIG38-_anno1.g8199,N0.HOG0007269
Tgraci,CONTIG38-_anno1.g8320,N0.HOG0007767
Tgraci,CONTIG39+_anno1.g6582,N0.HOG0007784
Tgraci,CONTIG39+_anno1.g6599,N0.HOG0007769
Tgraci,CONTIG39+_anno1.g6640,N0.HOG0007872
Tgraci,CONTIG39+_anno1.g6814,N0.HOG0006065
Tgraci,CONTIG39+_anno1.g7187,N0.HOG0007296
Tgraci,CONTIG39+_anno1.g7204,N0.HOG0007399
Tgraci,CONTIG39+_anno1.g7337,N0.HOG0006868
Tgraci,CONTIG39-_anno1.g6580,N0.HOG0007106
Tgraci,CONTIG39-_anno1.g6639,N0.HOG0007718
Tgraci,CONTIG39-_anno1.g6664,N0.HOG0007545
Tgraci,CONTIG39-_anno1.g6717,N0.HOG0007879
Tgraci,CONTIG39-_anno1.g6859,N0.HOG0008042
Tgraci,CONTIG39-_anno1.g6877,N0.HOG0007654
Tgraci,CONTIG39-_anno1.g6983,N0.HOG0007633
Tgraci,CONTIG39-_anno1.g7081,N0.HOG0006695
Tgraci,CONTIG39-_anno1.g7231,N0.HOG0007824
Tgraci,CONTIG39-_anno1.g7280,N0.HOG0006889
Tgraci,CONTIG39-_anno1.g7285,N0.HOG0007314
Tgraci,CONTIG39-_anno1.g7334,N0.HOG0007426
Tgraci,CONTIG39-_anno1.g7374,N0.HOG0003973
Tgraci,CONTIG40+_anno1.g12832,N0.HOG0008883
Tgraci,CONTIG40+_anno1.g13345,N0.HOG0007527
Tgraci,CONTIG40+_anno1.g13536,N0.HOG0007891
Tgraci,CONTIG40+_anno1.g13563,N0.HOG0007112
Tgraci,CONTIG40-_anno1.g12807,N0.HOG0007531
Tgraci,CONTIG40-_anno1.g12926,N0.HOG0006058
Tgraci,CONTIG40-_anno1.g13114,N0.HOG0007674
Tgraci,CONTIG40-_anno1.g13672,N0.HOG0006837
Tgraci,CONTIG40-_anno1.g13711,N0.HOG0008067
Tgraci,CONTIG40-_anno1.g13791,N0.HOG0007270
Tgraci,CONTIG40-_anno2.g3414,N0.HOG0008365
Tgraci,CONTIG41+_anno1.g12079,N0.HOG0007487
Tgraci,CONTIG41+_anno1.g12137,N0.HOG0006353
Tgraci,CONTIG41+_anno1.g12760,N0.HOG0006163
Tgraci,CONTIG41+_anno2.g1998,N0.HOG0001410
Tgraci,CONTIG41-_anno1.g12043,N0.HOG0007160
Tgraci,CONTIG41-_anno1.g12196,N0.HOG0001080
Tgraci,CONTIG41-_anno1.g12220,N0.HOG0004740
Tgraci,CONTIG41-_anno1.g12470,N0.HOG0007967
Tgraci,CONTIG42+_anno1.g8880,N0.HOG0001006
Tgraci,CONTIG42+_anno1.g8978,N0.HOG0006049
Tgraci,CONTIG42+_anno1.g9007,N0.HOG0007224
Tgraci,CONTIG42-_anno1.g8545,N0.HOG0008334
Tgraci,CONTIG42-_anno1.g8593,N0.HOG0006316
Tgraci,CONTIG42-_anno1.g8804,N0.HOG0008412
Tgraci,CONTIG42-_anno1.g8935,N0.HOG0006854
Tgraci,CONTIG42-_anno1.g8938,N0.HOG0008878
Tgraci,CONTIG42-_anno2.g3157,N0.HOG0006154
Tgraci,CONTIG43+_anno1.g5260,N0.HOG0000326
Tgraci,CONTIG43+_anno1.g5363,N0.HOG0006601
Tgraci,CONTIG43+_anno1.g5384,N0.HOG0005743
Tgraci,CONTIG43+_anno1.g5519,N0.HOG0006546
Tgraci,CONTIG43+_anno1.g5611,N0.HOG0000264
Tgraci,CONTIG43+_anno1.g5857,N0.HOG0008563
Tgraci,CONTIG43+_anno1.g5885,N0.HOG0007435
Tgraci,CONTIG43+_anno1.g6403,N0.HOG0007798
Tgraci,CONTIG43+_anno2.g822,N0.HOG0006426
Tgraci,CONTIG43+_anno2.g925,N0.HOG0007063
Tgraci,CONTIG43-_anno1.g5942,N0.HOG0006061
Tgraci,CONTIG43-_anno1.g6158,N0.HOG0006365
Tgraci,CONTIG43-_anno1.g6163,N0.HOG0006733
Tgraci,CONTIG43-_anno1.g6196,N0.HOG0003426
Tgraci,CONTIG43-_anno1.g6321,N0.HOG0007982
Tgraci,CONTIG43-_anno1.g6419,N0.HOG0006378
Tgraci,CONTIG43-_anno2.g500,N0.HOG0007986
Tgraci,CONTIG44+_anno1.g1869,N0.HOG0008035
Tgraci,CONTIG44+_anno1.g1982,N0.HOG0006796
Tgraci,CONTIG44+_anno1.g2280,N0.HOG0007484
Tgraci,CONTIG44+_anno1.g2745,N0.HOG0007517
Tgraci,CONTIG44+_anno1.g2830,N0.HOG0008055
Tgraci,CONTIG44+_anno1.g3115,N0.HOG0006550
Tgraci,CONTIG44+_anno1.g3148,N0.HOG0007833
Tgraci,CONTIG44+_anno1.g3161,N0.HOG0007283
Tgraci,CONTIG44+_anno2.g12787,N0.HOG0005968
Tgraci,CONTIG44-_anno1.g2113,N0.HOG0007920
Tgraci,CONTIG44-_anno1.g2247,N0.HOG0006168
Tgraci,CONTIG44-_anno1.g2251,N0.HOG0006119
Tgraci,CONTIG44-_anno1.g2523,N0.HOG0004320
Tgraci,CONTIG44-_anno1.g2652,N0.HOG0006844
Tgraci,CONTIG44-_anno1.g2854,N0.HOG0006897
Tgraci,CONTIG44-_anno1.g2953,N0.HOG0006613
Tgraci,CONTIG44-_anno1.g2970,N0.HOG0006781
Tgraci,CONTIG44-_anno1.g3347,N0.HOG0006943
Tgraci,CONTIG44-_anno1.g3545,N0.HOG0006678
Tgraci,CONTIG44-_anno2.g12868,N0.HOG0008077
Tgraci,CONTIG45+_anno1.g10015,N0.HOG0006686
Tgraci,CONTIG45+_anno1.g9028,N0.HOG0008054
Tgraci,CONTIG45+_anno1.g9127,N0.HOG0007453
Tgraci,CONTIG45+_anno1.g9264,N0.HOG0005948
Tgraci,CONTIG45+_anno1.g9334,N0.HOG0006380
Tgraci,CONTIG45+_anno1.g9698,N0.HOG0008312
Tgraci,CONTIG45+_anno1.g9786,N0.HOG0005362
Tgraci,CONTIG45-_anno1.g10007,N0.HOG0007287
Tgraci,CONTIG45-_anno1.g10014,N0.HOG0007420
Tgraci,CONTIG45-_anno1.g10183,N0.HOG0007651
Tgraci,CONTIG45-_anno1.g10208,N0.HOG0006181
Tgraci,CONTIG45-_anno1.g9059,N0.HOG0007817
Tgraci,CONTIG45-_anno1.g9229,N0.HOG0006038
Tgraci,CONTIG45-_anno1.g9299,N0.HOG0006377
Tgraci,CONTIG45-_anno1.g9467,N0.HOG0006352
Tgraci,CONTIG45-_anno1.g9789,N0.HOG0008056
Tgraci,CONTIG45-_anno2.g8624,N0.HOG0006183
Tgraci,CONTIG8+_anno1.g8382,N0.HOG0006278
